/* Gerado pelo Makefile a partir de rootfs/ - nao editar */
#include <stdint.h>
typedef struct ramfs_entry {
    const char *name;
    const uint8_t *data;
    uint32_t size;
} ramfs_entry_t;
static const uint8_t ramfs_f0[] = {
0x3c,0x68,0x74,0x6d,0x6c,0x3e,0x0a,0x3c,0x74,0x69,0x74,0x6c,0x65,0x3e,0x41,0x6a,
0x75,0x64,0x61,0x3c,0x2f,0x74,0x69,0x74,0x6c,0x65,0x3e,0x0a,0x3c,0x68,0x31,0x3e,
0x41,0x6a,0x75,0x64,0x61,0x20,0x64,0x6f,0x20,0x4e,0x61,0x76,0x65,0x67,0x61,0x64,
0x6f,0x72,0x3c,0x2f,0x68,0x31,0x3e,0x0a,0x3c,0x70,0x3e,0x53,0x75,0x70,0x6f,0x72,
0x74,0x61,0x3a,0x20,0x68,0x31,0x20,0x70,0x20,0x61,0x20,0x62,0x20,0x62,0x72,0x20,
0x68,0x72,0x20,0x74,0x69,0x74,0x6c,0x65,0x20,0x65,0x20,0x74,0x65,0x78,0x74,0x6f,
0x20,0x70,0x75,0x72,0x6f,0x2e,0x3c,0x2f,0x70,0x3e,0x0a,0x3c,0x70,0x3e,0x42,0x61,
0x72,0x72,0x61,0x3a,0x20,0x62,0x6f,0x74,0x61,0x6f,0x20,0x3c,0x20,0x76,0x6f,0x6c,
0x74,0x61,0x2c,0x20,0x3e,0x20,0x61,0x76,0x61,0x6e,0x63,0x61,0x2e,0x20,0x44,0x69,
0x67,0x69,0x74,0x65,0x20,0x6d,0x61,0x70,0x70,0x6c,0x65,0x3a,0x2f,0x2f,0x69,0x6e,
0x69,0x63,0x69,0x6f,0x20,0x6f,0x75,0x20,0x2f,0x63,0x61,0x6d,0x69,0x6e,0x68,0x6f,
0x2e,0x3c,0x2f,0x70,0x3e,0x0a,0x3c,0x70,0x3e,0x3c,0x61,0x20,0x68,0x72,0x65,0x66,
0x3d,0x22,0x6d,0x61,0x70,0x70,0x6c,0x65,0x3a,0x2f,0x2f,0x69,0x6e,0x69,0x63,0x69,
0x6f,0x22,0x3e,0x56,0x6f,0x6c,0x74,0x61,0x72,0x20,0x61,0x6f,0x20,0x69,0x6e,0x69,
0x63,0x69,0x6f,0x3c,0x2f,0x61,0x3e,0x3c,0x2f,0x70,0x3e,0x0a,0x3c,0x2f,0x68,0x74,
0x6d,0x6c,0x3e,0x0a,
};
static const char ramfs_n0[] = "/ajuda.html";
static const uint8_t ramfs_f1[] = {
0x62,0x75,0x69,0x6c,0x74,0x20,0x30,0x2e,0x38,0x2e,0x30,0x20,0x2d,0x20,0x73,0x68,
0x65,0x6c,0x6c,0x20,0x70,0x61,0x64,0x72,0x61,0x6f,0x20,0x64,0x6f,0x20,0x6d,0x61,
0x70,0x70,0x6c,0x65,0x20,0x28,0x2f,0x62,0x69,0x6e,0x2f,0x62,0x75,0x69,0x6c,0x74,
0x29,0x2e,0x0a,0x33,0x37,0x20,0x63,0x6f,0x6d,0x61,0x6e,0x64,0x6f,0x73,0x20,0x65,
0x6d,0x20,0x2f,0x62,0x69,0x6e,0x20,0x65,0x20,0x2f,0x75,0x73,0x72,0x2f,0x62,0x69,
0x6e,0x20,0x28,0x50,0x41,0x54,0x48,0x3d,0x2f,0x62,0x69,0x6e,0x3a,0x2f,0x75,0x73,
0x72,0x2f,0x62,0x69,0x6e,0x29,0x2e,0x0a,0x44,0x69,0x67,0x69,0x74,0x65,0x20,0x27,
0x68,0x65,0x6c,0x70,0x27,0x2e,0x20,0x54,0x65,0x6d,0x61,0x3a,0x20,0x74,0x68,0x65,
0x6d,0x65,0x20,0x5b,0x77,0x69,0x6e,0x39,0x38,0x7c,0x75,0x6e,0x69,0x78,0x5d,0x2e,
0x0a,
};
static const char ramfs_n1[] = "/bin/built";
static const uint8_t ramfs_f2[] = {
0x42,0x75,0x73,0x79,0x42,0x6f,0x78,0x20,0x76,0x30,0x2e,0x38,0x2e,0x30,0x20,0x28,
0x6d,0x61,0x70,0x70,0x6c,0x65,0x29,0x20,0x6d,0x75,0x6c,0x74,0x69,0x2d,0x63,0x61,
0x6c,0x6c,0x20,0x62,0x69,0x6e,0x61,0x72,0x79,0x2e,0x0a,0x4f,0x73,0x20,0x61,0x70,
0x70,0x6c,0x65,0x74,0x73,0x20,0x6d,0x6f,0x72,0x61,0x6d,0x20,0x61,0x71,0x75,0x69,
0x20,0x64,0x65,0x6e,0x74,0x72,0x6f,0x3a,0x20,0x68,0x65,0x6c,0x70,0x2c,0x20,0x6c,
0x73,0x2c,0x20,0x63,0x61,0x74,0x2c,0x20,0x65,0x63,0x68,0x6f,0x2c,0x0a,0x75,0x6e,
0x61,0x6d,0x65,0x2c,0x20,0x73,0x6c,0x65,0x65,0x70,0x2c,0x20,0x75,0x70,0x74,0x69,
0x6d,0x65,0x2c,0x20,0x6d,0x65,0x6d,0x2c,0x20,0x63,0x6f,0x6c,0x6f,0x72,0x2c,0x20,
0x77,0x68,0x6f,0x61,0x6d,0x69,0x2c,0x20,0x63,0x6c,0x65,0x61,0x72,0x2c,0x0a,0x72,
0x65,0x62,0x6f,0x6f,0x74,0x2c,0x20,0x68,0x61,0x6c,0x74,0x2c,0x20,0x70,0x77,0x64,
0x2e,0x0a,0x55,0x73,0x6f,0x3a,0x20,0x62,0x75,0x73,0x79,0x62,0x6f,0x78,0x20,0x3c,
0x61,0x70,0x70,0x6c,0x65,0x74,0x3e,0x20,0x5b,0x61,0x72,0x67,0x73,0x5d,0x20,0x20,
0x28,0x65,0x78,0x3a,0x20,0x62,0x75,0x73,0x79,0x62,0x6f,0x78,0x20,0x75,0x6e,0x61,
0x6d,0x65,0x29,0x0a,0x2f,0x62,0x69,0x6e,0x2f,0x73,0x68,0x20,0x2d,0x3e,0x20,0x65,
0x73,0x74,0x65,0x20,0x62,0x69,0x6e,0x61,0x72,0x69,0x6f,0x2e,0x20,0x53,0x68,0x65,
0x6c,0x6c,0x20,0x70,0x61,0x64,0x72,0x61,0x6f,0x20,0x64,0x6f,0x20,0x73,0x69,0x73,
0x74,0x65,0x6d,0x61,0x2e,0x0a,
};
static const char ramfs_n2[] = "/bin/busybox";
static const uint8_t ramfs_f3[] = {
0x3c,0x68,0x74,0x6d,0x6c,0x3e,0x0a,0x3c,0x74,0x69,0x74,0x6c,0x65,0x3e,0x44,0x65,
0x6d,0x6f,0x20,0x43,0x53,0x53,0x2b,0x4a,0x53,0x3c,0x2f,0x74,0x69,0x74,0x6c,0x65,
0x3e,0x0a,0x3c,0x73,0x74,0x79,0x6c,0x65,0x3e,0x0a,0x68,0x31,0x7b,0x63,0x6f,0x6c,
0x6f,0x72,0x3a,0x72,0x65,0x64,0x7d,0x0a,0x70,0x7b,0x63,0x6f,0x6c,0x6f,0x72,0x3a,
0x6e,0x61,0x76,0x79,0x7d,0x0a,0x61,0x7b,0x63,0x6f,0x6c,0x6f,0x72,0x3a,0x67,0x72,
0x65,0x65,0x6e,0x7d,0x0a,0x3c,0x2f,0x73,0x74,0x79,0x6c,0x65,0x3e,0x0a,0x3c,0x68,
0x31,0x3e,0x50,0x61,0x67,0x69,0x6e,0x61,0x20,0x64,0x65,0x6d,0x6f,0x3c,0x2f,0x68,
0x31,0x3e,0x0a,0x3c,0x70,0x3e,0x45,0x73,0x74,0x65,0x20,0x70,0x61,0x72,0x61,0x67,
0x72,0x61,0x66,0x6f,0x20,0x65,0x20,0x61,0x7a,0x75,0x6c,0x2d,0x6d,0x61,0x72,0x69,
0x6e,0x68,0x6f,0x20,0x76,0x69,0x61,0x20,0x43,0x53,0x53,0x2e,0x3c,0x2f,0x70,0x3e,
0x0a,0x3c,0x70,0x20,0x73,0x74,0x79,0x6c,0x65,0x3d,0x22,0x63,0x6f,0x6c,0x6f,0x72,
0x3a,0x23,0x38,0x38,0x30,0x30,0x38,0x38,0x22,0x3e,0x45,0x73,0x74,0x65,0x20,0x65,
0x20,0x72,0x6f,0x78,0x6f,0x20,0x76,0x69,0x61,0x20,0x65,0x73,0x74,0x69,0x6c,0x6f,
0x20,0x69,0x6e,0x6c,0x69,0x6e,0x65,0x2e,0x3c,0x2f,0x70,0x3e,0x0a,0x3c,0x63,0x65,
0x6e,0x74,0x65,0x72,0x3e,0x3c,0x69,0x6d,0x67,0x20,0x73,0x72,0x63,0x3d,0x22,0x2f,
0x75,0x73,0x72,0x2f,0x73,0x68,0x61,0x72,0x65,0x2f,0x77,0x61,0x6c,0x6c,0x70,0x61,
0x70,0x65,0x72,0x73,0x2f,0x73,0x75,0x6e,0x73,0x65,0x74,0x2e,0x62,0x6d,0x70,0x22,
0x3e,0x3c,0x2f,0x63,0x65,0x6e,0x74,0x65,0x72,0x3e,0x0a,0x3c,0x73,0x63,0x72,0x69,
0x70,0x74,0x3e,0x0a,0x2f,0x2f,0x20,0x6d,0x69,0x6e,0x69,0x2d,0x4a,0x53,0x20,0x64,
0x6f,0x20,0x6d,0x61,0x70,0x70,0x6c,0x65,0x0a,0x76,0x61,0x72,0x20,0x78,0x20,0x3d,
0x20,0x36,0x20,0x2a,0x20,0x37,0x3b,0x0a,0x70,0x72,0x69,0x6e,0x74,0x28,0x78,0x29,
0x3b,0x0a,0x69,0x66,0x20,0x28,0x78,0x20,0x3d,0x3d,0x20,0x34,0x32,0x29,0x20,0x7b,
0x0a,0x20,0x20,0x70,0x72,0x69,0x6e,0x74,0x28,0x22,0x72,0x65,0x73,0x70,0x6f,0x73,
0x74,0x61,0x21,0x22,0x29,0x3b,0x0a,0x7d,0x0a,0x76,0x61,0x72,0x20,0x69,0x20,0x3d,
0x20,0x30,0x3b,0x0a,0x77,0x68,0x69,0x6c,0x65,0x20,0x28,0x69,0x20,0x3c,0x20,0x33,
0x29,0x20,0x7b,0x0a,0x20,0x20,0x70,0x72,0x69,0x6e,0x74,0x28,0x69,0x29,0x3b,0x0a,
0x20,0x20,0x69,0x20,0x3d,0x20,0x69,0x20,0x2b,0x20,0x31,0x3b,0x0a,0x7d,0x0a,0x61,
0x6c,0x65,0x72,0x74,0x28,0x22,0x66,0x69,0x6d,0x20,0x64,0x6f,0x20,0x64,0x65,0x6d,
0x6f,0x22,0x29,0x3b,0x0a,0x3c,0x2f,0x73,0x63,0x72,0x69,0x70,0x74,0x3e,0x0a,0x3c,
0x70,0x3e,0x3c,0x61,0x20,0x68,0x72,0x65,0x66,0x3d,0x22,0x6d,0x61,0x70,0x70,0x6c,
0x65,0x3a,0x2f,0x2f,0x69,0x6e,0x69,0x63,0x69,0x6f,0x22,0x3e,0x56,0x6f,0x6c,0x74,
0x61,0x72,0x3c,0x2f,0x61,0x3e,0x3c,0x2f,0x70,0x3e,0x0a,0x3c,0x2f,0x68,0x74,0x6d,
0x6c,0x3e,0x0a,
};
static const char ramfs_n3[] = "/demo.html";
static const uint8_t ramfs_f4[] = {
0x6d,0x61,0x70,0x70,0x6c,0x65,0x0a,
};
static const char ramfs_n4[] = "/etc/hostname";
static const uint8_t ramfs_f5[] = {
0x42,0x65,0x6d,0x2d,0x76,0x69,0x6e,0x64,0x6f,0x20,0x61,0x6f,0x20,0x6d,0x61,0x70,
0x70,0x6c,0x65,0x20,0x30,0x2e,0x38,0x2e,0x30,0x21,0x0a,0x53,0x68,0x65,0x6c,0x6c,
0x20,0x70,0x61,0x64,0x72,0x61,0x6f,0x3a,0x20,0x2f,0x62,0x69,0x6e,0x2f,0x62,0x75,
0x73,0x79,0x62,0x6f,0x78,0x20,0x28,0x61,0x70,0x70,0x6c,0x65,0x74,0x73,0x20,0x65,
0x6d,0x62,0x75,0x74,0x69,0x64,0x6f,0x73,0x29,0x2e,0x0a,0x54,0x65,0x6e,0x74,0x65,
0x3a,0x20,0x6c,0x73,0x20,0x2f,0x20,0x20,0x7c,0x20,0x20,0x33,0x64,0x64,0x64,0x20,
0x20,0x7c,0x20,0x20,0x63,0x61,0x74,0x20,0x2f,0x62,0x69,0x6e,0x2f,0x62,0x75,0x73,
0x79,0x62,0x6f,0x78,0x0a,
};
static const char ramfs_n5[] = "/etc/motd";
static const uint8_t ramfs_f6[] = {
0x4f,0x6c,0x61,0x21,0x20,0x45,0x73,0x74,0x65,0x20,0x61,0x72,0x71,0x75,0x69,0x76,
0x6f,0x20,0x6d,0x6f,0x72,0x61,0x20,0x64,0x65,0x6e,0x74,0x72,0x6f,0x20,0x64,0x6f,
0x20,0x6b,0x65,0x72,0x6e,0x65,0x6c,0x2c,0x20,0x6e,0x6f,0x20,0x72,0x61,0x6d,0x66,
0x73,0x2e,0x0a,0x45,0x6c,0x65,0x20,0x66,0x6f,0x69,0x20,0x65,0x6d,0x70,0x61,0x63,
0x6f,0x74,0x61,0x64,0x6f,0x20,0x70,0x65,0x6c,0x6f,0x20,0x4d,0x61,0x6b,0x65,0x66,
0x69,0x6c,0x65,0x20,0x6e,0x61,0x20,0x68,0x6f,0x72,0x61,0x20,0x64,0x6f,0x20,0x62,
0x75,0x69,0x6c,0x64,0x2e,0x0a,
};
static const char ramfs_n6[] = "/home/guest/bemvindo.txt";
static const uint8_t ramfs_f7[] = {
0x2f,0x2f,0x20,0x64,0x65,0x6d,0x6f,0x2e,0x63,0x20,0x2d,0x20,0x70,0x72,0x6f,0x67,
0x72,0x61,0x6d,0x61,0x20,0x64,0x65,0x20,0x65,0x78,0x65,0x6d,0x70,0x6c,0x6f,0x20,
0x70,0x61,0x72,0x61,0x20,0x6f,0x20,0x63,0x6f,0x6d,0x70,0x69,0x6c,0x61,0x64,0x6f,
0x72,0x20,0x60,0x63,0x63,0x60,0x2e,0x0a,0x2f,0x2f,0x20,0x52,0x6f,0x64,0x65,0x3a,
0x20,0x63,0x63,0x20,0x2f,0x68,0x6f,0x6d,0x65,0x2f,0x67,0x75,0x65,0x73,0x74,0x2f,
0x64,0x65,0x6d,0x6f,0x2e,0x63,0x0a,0x69,0x6e,0x74,0x20,0x6d,0x61,0x69,0x6e,0x28,
0x29,0x20,0x7b,0x0a,0x20,0x20,0x69,0x6e,0x74,0x20,0x61,0x20,0x3d,0x20,0x37,0x3b,
0x0a,0x20,0x20,0x69,0x6e,0x74,0x20,0x62,0x20,0x3d,0x20,0x36,0x3b,0x0a,0x20,0x20,
0x69,0x6e,0x74,0x20,0x63,0x20,0x3d,0x20,0x61,0x20,0x2a,0x20,0x62,0x20,0x2b,0x20,
0x31,0x3b,0x0a,0x20,0x20,0x70,0x72,0x69,0x6e,0x74,0x28,0x63,0x29,0x3b,0x0a,0x20,
0x20,0x72,0x65,0x74,0x75,0x72,0x6e,0x20,0x63,0x3b,0x0a,0x7d,0x0a,
};
static const char ramfs_n7[] = "/home/guest/demo.c";
static const uint8_t ramfs_f8[] = {
0x41,0x72,0x71,0x75,0x69,0x76,0x6f,0x20,0x64,0x65,0x20,0x65,0x78,0x65,0x6d,0x70,
0x6c,0x6f,0x20,0x64,0x6f,0x20,0x4e,0x6f,0x74,0x65,0x70,0x61,0x64,0x2e,0x0a,0x45,
0x64,0x69,0x74,0x65,0x20,0x70,0x65,0x6c,0x6f,0x20,0x6d,0x65,0x6e,0x75,0x20,0x49,
0x6e,0x69,0x63,0x69,0x61,0x72,0x20,0x3e,0x20,0x4e,0x6f,0x74,0x65,0x70,0x61,0x64,
0x20,0x6f,0x75,0x3a,0x20,0x6e,0x6f,0x74,0x65,0x70,0x61,0x64,0x20,0x2f,0x68,0x6f,
0x6d,0x65,0x2f,0x67,0x75,0x65,0x73,0x74,0x2f,0x6e,0x6f,0x74,0x61,0x73,0x2e,0x74,
0x78,0x74,0x0a,
};
static const char ramfs_n8[] = "/home/guest/notas.txt";
static const uint8_t ramfs_f9[] = {
0x3c,0x68,0x74,0x6d,0x6c,0x3e,0x0a,0x3c,0x74,0x69,0x74,0x6c,0x65,0x3e,0x42,0x65,
0x6d,0x2d,0x76,0x69,0x6e,0x64,0x6f,0x20,0x61,0x6f,0x20,0x4e,0x61,0x76,0x65,0x67,
0x61,0x64,0x6f,0x72,0x3c,0x2f,0x74,0x69,0x74,0x6c,0x65,0x3e,0x0a,0x3c,0x68,0x31,
0x3e,0x4e,0x61,0x76,0x65,0x67,0x61,0x64,0x6f,0x72,0x20,0x6d,0x61,0x70,0x70,0x6c,
0x65,0x3c,0x2f,0x68,0x31,0x3e,0x0a,0x3c,0x70,0x3e,0x45,0x73,0x74,0x65,0x20,0x6e,
0x61,0x76,0x65,0x67,0x61,0x64,0x6f,0x72,0x20,0x61,0x62,0x72,0x65,0x20,0x70,0x61,
0x67,0x69,0x6e,0x61,0x73,0x20,0x6c,0x6f,0x63,0x61,0x69,0x73,0x20,0x64,0x6f,0x20,
0x72,0x61,0x6d,0x66,0x73,0x2e,0x20,0x53,0x65,0x6d,0x20,0x72,0x65,0x64,0x65,0x2c,
0x20,0x73,0x65,0x6d,0x20,0x72,0x61,0x73,0x74,0x72,0x65,0x61,0x64,0x6f,0x72,0x65,
0x73,0x2e,0x3c,0x2f,0x70,0x3e,0x0a,0x3c,0x68,0x72,0x3e,0x0a,0x3c,0x70,0x3e,0x54,
0x65,0x6e,0x74,0x65,0x20,0x65,0x73,0x74,0x65,0x73,0x20,0x6c,0x69,0x6e,0x6b,0x73,
0x3a,0x3c,0x2f,0x70,0x3e,0x0a,0x3c,0x70,0x3e,0x3c,0x61,0x20,0x68,0x72,0x65,0x66,
0x3d,0x22,0x6d,0x61,0x70,0x70,0x6c,0x65,0x3a,0x2f,0x2f,0x61,0x6a,0x75,0x64,0x61,
0x22,0x3e,0x41,0x6a,0x75,0x64,0x61,0x20,0x64,0x6f,0x20,0x6e,0x61,0x76,0x65,0x67,
0x61,0x64,0x6f,0x72,0x3c,0x2f,0x61,0x3e,0x3c,0x2f,0x70,0x3e,0x0a,0x3c,0x70,0x3e,
0x3c,0x61,0x20,0x68,0x72,0x65,0x66,0x3d,0x22,0x2f,0x65,0x74,0x63,0x2f,0x6d,0x6f,
0x74,0x64,0x22,0x3e,0x4d,0x65,0x6e,0x73,0x61,0x67,0x65,0x6d,0x20,0x64,0x6f,0x20,
0x64,0x69,0x61,0x3c,0x2f,0x61,0x3e,0x3c,0x2f,0x70,0x3e,0x0a,0x3c,0x70,0x3e,0x3c,
0x61,0x20,0x68,0x72,0x65,0x66,0x3d,0x22,0x2f,0x68,0x6f,0x6d,0x65,0x2f,0x67,0x75,
0x65,0x73,0x74,0x2f,0x64,0x65,0x6d,0x6f,0x2e,0x63,0x22,0x3e,0x43,0x6f,0x64,0x69,
0x67,0x6f,0x20,0x64,0x65,0x20,0x65,0x78,0x65,0x6d,0x70,0x6c,0x6f,0x3c,0x2f,0x61,
0x3e,0x3c,0x2f,0x70,0x3e,0x0a,0x3c,0x68,0x72,0x3e,0x0a,0x3c,0x70,0x3e,0x44,0x69,
0x63,0x61,0x3a,0x20,0x43,0x74,0x72,0x6c,0x2b,0x4c,0x20,0x65,0x64,0x69,0x74,0x61,
0x20,0x61,0x20,0x55,0x52,0x4c,0x2e,0x20,0x53,0x65,0x74,0x61,0x73,0x20,0x72,0x6f,
0x6c,0x61,0x6d,0x2e,0x20,0x45,0x73,0x63,0x20,0x66,0x65,0x63,0x68,0x61,0x2e,0x3c,
0x2f,0x70,0x3e,0x0a,0x3c,0x2f,0x68,0x74,0x6d,0x6c,0x3e,0x0a,
};
static const char ramfs_n9[] = "/index.html";
static const uint8_t ramfs_f10[] = {
0x6e,0x6f,0x74,0x61,0x73,0x20,0x64,0x6f,0x20,0x72,0x6f,0x6f,0x74,0x3a,0x20,0x6c,
0x65,0x6d,0x62,0x72,0x61,0x72,0x20,0x64,0x65,0x20,0x69,0x6d,0x70,0x6c,0x65,0x6d,
0x65,0x6e,0x74,0x61,0x72,0x20,0x6f,0x20,0x64,0x72,0x69,0x76,0x65,0x72,0x20,0x41,
0x54,0x41,0x2e,0x0a,
};
static const char ramfs_n10[] = "/root/notas.txt";
static const uint8_t ramfs_f11[] = {
0x2f,0x75,0x73,0x72,0x2f,0x62,0x69,0x6e,0x20,0x61,0x62,0x72,0x69,0x67,0x61,0x20,
0x6f,0x73,0x20,0x61,0x70,0x70,0x6c,0x65,0x74,0x73,0x20,0x75,0x74,0x69,0x6c,0x69,
0x74,0x61,0x72,0x69,0x6f,0x73,0x20,0x64,0x6f,0x20,0x62,0x75,0x69,0x6c,0x74,0x3a,
0x0a,0x76,0x65,0x72,0x20,0x75,0x70,0x74,0x69,0x6d,0x65,0x20,0x6d,0x65,0x6d,0x20,
0x63,0x6f,0x6c,0x6f,0x72,0x20,0x68,0x65,0x61,0x64,0x20,0x77,0x63,0x20,0x67,0x72,
0x65,0x70,0x20,0x77,0x68,0x69,0x63,0x68,0x20,0x6d,0x61,0x6e,0x20,0x65,0x6e,0x76,
0x0a,0x68,0x69,0x73,0x74,0x6f,0x72,0x79,0x20,0x64,0x61,0x74,0x65,0x20,0x63,0x61,
0x6c,0x63,0x20,0x68,0x65,0x78,0x64,0x75,0x6d,0x70,0x20,0x63,0x63,0x20,0x70,0x73,
0x20,0x74,0x68,0x65,0x6d,0x65,0x2e,0x0a,0x28,0x45,0x6c,0x65,0x73,0x20,0x6d,0x6f,
0x72,0x61,0x6d,0x20,0x64,0x65,0x6e,0x74,0x72,0x6f,0x20,0x64,0x6f,0x20,0x2f,0x62,
0x69,0x6e,0x2f,0x62,0x75,0x73,0x79,0x62,0x6f,0x78,0x3b,0x20,0x61,0x71,0x75,0x69,
0x20,0x66,0x69,0x63,0x61,0x6d,0x0a,0x6f,0x73,0x20,0x61,0x72,0x71,0x75,0x69,0x76,
0x6f,0x73,0x20,0x64,0x65,0x20,0x64,0x61,0x64,0x6f,0x73,0x2e,0x20,0x56,0x65,0x6a,
0x61,0x20,0x60,0x77,0x68,0x69,0x63,0x68,0x20,0x63,0x63,0x60,0x2e,0x29,0x0a,
};
static const char ramfs_n11[] = "/usr/bin/README";
static const uint8_t ramfs_f12[] = {
0x44,0x6f,0x63,0x75,0x6d,0x65,0x6e,0x74,0x61,0x63,0x61,0x6f,0x20,0x6d,0x69,0x6e,
0x69,0x6d,0x61,0x20,0x64,0x6f,0x20,0x6d,0x61,0x70,0x70,0x6c,0x65,0x20,0x28,0x65,
0x6d,0x20,0x2f,0x75,0x73,0x72,0x2f,0x73,0x68,0x61,0x72,0x65,0x29,0x2e,0x0a,0x50,
0x72,0x6f,0x78,0x69,0x6d,0x6f,0x73,0x20,0x70,0x61,0x73,0x73,0x6f,0x73,0x3a,0x20,
0x70,0x6d,0x6d,0x2f,0x76,0x6d,0x6d,0x2c,0x20,0x73,0x79,0x73,0x63,0x61,0x6c,0x6c,
0x73,0x2c,0x20,0x72,0x69,0x6e,0x67,0x20,0x33,0x2e,0x0a,
};
static const char ramfs_n12[] = "/usr/share/doc.txt";
static const uint8_t ramfs_f13[] = {
0x42,0x4d,0x36,0x48,0x00,0x00,0x00,0x00,0x00,0x00,0x36,0x00,0x00,0x00,0x28,0x00,
0x00,0x00,0x60,0x00,0x00,0x00,0x40,0x00,0x00,0x00,0x01,0x00,0x18,0x00,0x00,0x00,
0x00,0x00,0x00,0x48,0x00,0x00,0x00,0x00,0x00,0x00,0x00,0x00,0x00,0x00,0x00,0x00,
0x00,0x00,0x00,0x00,0x00,0x00,0xb4,0x28,0x1e,0xb4,0x28,0x1e,0xb4,0x28,0x1e,0xb4,
0x28,0x1e,0xb4,0x28,0x1e,0xb4,0x28,0x1e,0xb4,0x28,0x1e,0xb4,0x28,0x1e,0xb4,0x28,
0x1e,0xb4,0x28,0x1e,0xb4,0x28,0x1e,0xb4,0x28,0x1e,0xb4,0x28,0x1e,0xb4,0x28,0x1e,
0xb4,0x28,0x1e,0xb4,0x28,0x1e,0xb4,0x28,0x1e,0xb4,0x28,0x1e,0xb4,0x28,0x1e,0xb4,
0x28,0x1e,0xb4,0x28,0x1e,0xb4,0x28,0x1e,0xb4,0x28,0x1e,0xb4,0x28,0x1e,0xb4,0x28,
0x1e,0xb4,0x28,0x1e,0xb4,0x28,0x1e,0xb4,0x28,0x1e,0xb4,0x28,0x1e,0xb4,0x28,0x1e,
0xb4,0x28,0x1e,0xb4,0x28,0x1e,0xb4,0x28,0x1e,0xb4,0x28,0x1e,0xb4,0x28,0x1e,0xb4,
0x28,0x1e,0xb4,0x28,0x1e,0xb4,0x28,0x1e,0xb4,0x28,0x1e,0xb4,0x28,0x1e,0xb4,0x28,
0x1e,0xb4,0x28,0x1e,0xb4,0x28,0x1e,0xb4,0x28,0x1e,0xb4,0x28,0x1e,0xb4,0x28,0x1e,
0xb4,0x28,0x1e,0xb4,0x28,0x1e,0xb4,0x28,0x1e,0xb4,0x28,0x1e,0xb4,0x28,0x1e,0xb4,
0x28,0x1e,0xb4,0x28,0x1e,0xb4,0x28,0x1e,0xb4,0x28,0x1e,0xb4,0x28,0x1e,0xb4,0x28,
0x1e,0xb4,0x28,0x1e,0xb4,0x28,0x1e,0xb4,0x28,0x1e,0xb4,0x28,0x1e,0xb4,0x28,0x1e,
0xb4,0x28,0x1e,0xb4,0x28,0x1e,0xb4,0x28,0x1e,0xb4,0x28,0x1e,0xb4,0x28,0x1e,0xb4,
0x28,0x1e,0xb4,0x28,0x1e,0xb4,0x28,0x1e,0xb4,0x28,0x1e,0xb4,0x28,0x1e,0xb4,0x28,
0x1e,0xb4,0x28,0x1e,0xb4,0x28,0x1e,0xb4,0x28,0x1e,0xb4,0x28,0x1e,0xb4,0x28,0x1e,
0xb4,0x28,0x1e,0xb4,0x28,0x1e,0xb4,0x28,0x1e,0xb4,0x28,0x1e,0xb4,0x28,0x1e,0xb4,
0x28,0x1e,0xb4,0x28,0x1e,0xb4,0x28,0x1e,0xb4,0x28,0x1e,0xb4,0x28,0x1e,0xb4,0x28,
0x1e,0xb4,0x28,0x1e,0xb4,0x28,0x1e,0xb4,0x28,0x1e,0xb4,0x28,0x1e,0xb4,0x28,0x1e,
0xb4,0x28,0x1e,0xb4,0x28,0x1e,0xb3,0x2b,0x21,0xb3,0x2b,0x21,0xb3,0x2b,0x21,0xb3,
0x2b,0x21,0xb3,0x2b,0x21,0xb3,0x2b,0x21,0xb3,0x2b,0x21,0xb3,0x2b,0x21,0xb3,0x2b,
0x21,0xb3,0x2b,0x21,0xb3,0x2b,0x21,0xb3,0x2b,0x21,0xb3,0x2b,0x21,0xb3,0x2b,0x21,
0xb3,0x2b,0x21,0xb3,0x2b,0x21,0xb3,0x2b,0x21,0xb3,0x2b,0x21,0xb3,0x2b,0x21,0xb3,
0x2b,0x21,0xb3,0x2b,0x21,0xb3,0x2b,0x21,0xb3,0x2b,0x21,0xb3,0x2b,0x21,0xb3,0x2b,
0x21,0xb3,0x2b,0x21,0xb3,0x2b,0x21,0xb3,0x2b,0x21,0xb3,0x2b,0x21,0xb3,0x2b,0x21,
0xb3,0x2b,0x21,0xb3,0x2b,0x21,0xb3,0x2b,0x21,0xb3,0x2b,0x21,0xb3,0x2b,0x21,0xb3,
0x2b,0x21,0xb3,0x2b,0x21,0xb3,0x2b,0x21,0xb3,0x2b,0x21,0xb3,0x2b,0x21,0xb3,0x2b,
0x21,0xb3,0x2b,0x21,0xb3,0x2b,0x21,0xb3,0x2b,0x21,0xb3,0x2b,0x21,0xb3,0x2b,0x21,
0xb3,0x2b,0x21,0xb3,0x2b,0x21,0xb3,0x2b,0x21,0xb3,0x2b,0x21,0xb3,0x2b,0x21,0xb3,
0x2b,0x21,0xb3,0x2b,0x21,0xb3,0x2b,0x21,0xb3,0x2b,0x21,0xb3,0x2b,0x21,0xb3,0x2b,
0x21,0xb3,0x2b,0x21,0xb3,0x2b,0x21,0xb3,0x2b,0x21,0xb3,0x2b,0x21,0xb3,0x2b,0x21,
0xb3,0x2b,0x21,0xb3,0x2b,0x21,0xb3,0x2b,0x21,0xb3,0x2b,0x21,0xb3,0x2b,0x21,0xb3,
0x2b,0x21,0xb3,0x2b,0x21,0xb3,0x2b,0x21,0xb3,0x2b,0x21,0xb3,0x2b,0x21,0xb3,0x2b,
0x21,0xb3,0x2b,0x21,0xb3,0x2b,0x21,0xb3,0x2b,0x21,0xb3,0x2b,0x21,0xb3,0x2b,0x21,
0xb3,0x2b,0x21,0xb3,0x2b,0x21,0xb3,0x2b,0x21,0xb3,0x2b,0x21,0xb3,0x2b,0x21,0xb3,
0x2b,0x21,0xb3,0x2b,0x21,0xb3,0x2b,0x21,0xb3,0x2b,0x21,0xb3,0x2b,0x21,0xb3,0x2b,
0x21,0xb3,0x2b,0x21,0xb3,0x2b,0x21,0xb3,0x2b,0x21,0xb3,0x2b,0x21,0xb3,0x2b,0x21,
0xb3,0x2b,0x21,0xb3,0x2b,0x21,0xb2,0x2f,0x24,0xb2,0x2f,0x24,0xb2,0x2f,0x24,0xb2,
0x2f,0x24,0xb2,0x2f,0x24,0xb2,0x2f,0x24,0xb2,0x2f,0x24,0xb2,0x2f,0x24,0xb2,0x2f,
0x24,0xb2,0x2f,0x24,0xb2,0x2f,0x24,0xb2,0x2f,0x24,0xb2,0x2f,0x24,0xb2,0x2f,0x24,
0xb2,0x2f,0x24,0xb2,0x2f,0x24,0xb2,0x2f,0x24,0xb2,0x2f,0x24,0xb2,0x2f,0x24,0xb2,
0x2f,0x24,0xb2,0x2f,0x24,0xb2,0x2f,0x24,0xb2,0x2f,0x24,0xb2,0x2f,0x24,0xb2,0x2f,
0x24,0xb2,0x2f,0x24,0xb2,0x2f,0x24,0xb2,0x2f,0x24,0xb2,0x2f,0x24,0xb2,0x2f,0x24,
0xb2,0x2f,0x24,0xb2,0x2f,0x24,0xb2,0x2f,0x24,0xb2,0x2f,0x24,0xb2,0x2f,0x24,0xb2,
0x2f,0x24,0xb2,0x2f,0x24,0xb2,0x2f,0x24,0xb2,0x2f,0x24,0xb2,0x2f,0x24,0xb2,0x2f,
0x24,0xb2,0x2f,0x24,0xb2,0x2f,0x24,0xb2,0x2f,0x24,0xb2,0x2f,0x24,0xb2,0x2f,0x24,
0xb2,0x2f,0x24,0xb2,0x2f,0x24,0xb2,0x2f,0x24,0xb2,0x2f,0x24,0xb2,0x2f,0x24,0xb2,
0x2f,0x24,0xb2,0x2f,0x24,0xb2,0x2f,0x24,0xb2,0x2f,0x24,0xb2,0x2f,0x24,0xb2,0x2f,
0x24,0xb2,0x2f,0x24,0xb2,0x2f,0x24,0xb2,0x2f,0x24,0xb2,0x2f,0x24,0xb2,0x2f,0x24,
0xb2,0x2f,0x24,0xb2,0x2f,0x24,0xb2,0x2f,0x24,0xb2,0x2f,0x24,0xb2,0x2f,0x24,0xb2,
0x2f,0x24,0xb2,0x2f,0x24,0xb2,0x2f,0x24,0xb2,0x2f,0x24,0xb2,0x2f,0x24,0xb2,0x2f,
0x24,0xb2,0x2f,0x24,0xb2,0x2f,0x24,0xb2,0x2f,0x24,0xb2,0x2f,0x24,0xb2,0x2f,0x24,
0xb2,0x2f,0x24,0xb2,0x2f,0x24,0xb2,0x2f,0x24,0xb2,0x2f,0x24,0xb2,0x2f,0x24,0xb2,
0x2f,0x24,0xb2,0x2f,0x24,0xb2,0x2f,0x24,0xb2,0x2f,0x24,0xb2,0x2f,0x24,0xb2,0x2f,
0x24,0xb2,0x2f,0x24,0xb2,0x2f,0x24,0xb2,0x2f,0x24,0xb2,0x2f,0x24,0xb2,0x2f,0x24,
0xb2,0x2f,0x24,0xb2,0x2f,0x24,0xb1,0x33,0x27,0xb1,0x33,0x27,0xb1,0x33,0x27,0xb1,
0x33,0x27,0xb1,0x33,0x27,0xb1,0x33,0x27,0xb1,0x33,0x27,0xb1,0x33,0x27,0xb1,0x33,
0x27,0xb1,0x33,0x27,0xb1,0x33,0x27,0xb1,0x33,0x27,0xb1,0x33,0x27,0xb1,0x33,0x27,
0xb1,0x33,0x27,0xb1,0x33,0x27,0xb1,0x33,0x27,0xb1,0x33,0x27,0xb1,0x33,0x27,0xb1,
0x33,0x27,0xb1,0x33,0x27,0xb1,0x33,0x27,0xb1,0x33,0x27,0xb1,0x33,0x27,0xb1,0x33,
0x27,0xb1,0x33,0x27,0xb1,0x33,0x27,0xb1,0x33,0x27,0xb1,0x33,0x27,0xb1,0x33,0x27,
0xb1,0x33,0x27,0xb1,0x33,0x27,0xb1,0x33,0x27,0xb1,0x33,0x27,0xb1,0x33,0x27,0xb1,
0x33,0x27,0xb1,0x33,0x27,0xb1,0x33,0x27,0xb1,0x33,0x27,0xb1,0x33,0x27,0xb1,0x33,
0x27,0xb1,0x33,0x27,0xb1,0x33,0x27,0xb1,0x33,0x27,0xb1,0x33,0x27,0xb1,0x33,0x27,
0xb1,0x33,0x27,0xb1,0x33,0x27,0xb1,0x33,0x27,0xb1,0x33,0x27,0xb1,0x33,0x27,0xb1,
0x33,0x27,0xb1,0x33,0x27,0xb1,0x33,0x27,0xb1,0x33,0x27,0xb1,0x33,0x27,0xb1,0x33,
0x27,0xb1,0x33,0x27,0xb1,0x33,0x27,0xb1,0x33,0x27,0xb1,0x33,0x27,0xb1,0x33,0x27,
0xb1,0x33,0x27,0xb1,0x33,0x27,0xb1,0x33,0x27,0xb1,0x33,0x27,0xb1,0x33,0x27,0xb1,
0x33,0x27,0xb1,0x33,0x27,0xb1,0x33,0x27,0xb1,0x33,0x27,0xb1,0x33,0x27,0xb1,0x33,
0x27,0xb1,0x33,0x27,0xb1,0x33,0x27,0xb1,0x33,0x27,0xb1,0x33,0x27,0xb1,0x33,0x27,
0xb1,0x33,0x27,0xb1,0x33,0x27,0xb1,0x33,0x27,0xb1,0x33,0x27,0xb1,0x33,0x27,0xb1,
0x33,0x27,0xb1,0x33,0x27,0xb1,0x33,0x27,0xb1,0x33,0x27,0xb1,0x33,0x27,0xb1,0x33,
0x27,0xb1,0x33,0x27,0xb1,0x33,0x27,0xb1,0x33,0x27,0xb1,0x33,0x27,0xb1,0x33,0x27,
0xb1,0x33,0x27,0xb1,0x33,0x27,0xb0,0x36,0x2a,0xb0,0x36,0x2a,0xb0,0x36,0x2a,0xb0,
0x36,0x2a,0xb0,0x36,0x2a,0xb0,0x36,0x2a,0xb0,0x36,0x2a,0xb0,0x36,0x2a,0xb0,0x36,
0x2a,0xb0,0x36,0x2a,0xb0,0x36,0x2a,0xb0,0x36,0x2a,0xb0,0x36,0x2a,0xb0,0x36,0x2a,
0xb0,0x36,0x2a,0xb0,0x36,0x2a,0xb0,0x36,0x2a,0xb0,0x36,0x2a,0xb0,0x36,0x2a,0xb0,
0x36,0x2a,0xb0,0x36,0x2a,0xb0,0x36,0x2a,0xb0,0x36,0x2a,0xb0,0x36,0x2a,0xb0,0x36,
0x2a,0xb0,0x36,0x2a,0xb0,0x36,0x2a,0xb0,0x36,0x2a,0xb0,0x36,0x2a,0xb0,0x36,0x2a,
0xb0,0x36,0x2a,0xb0,0x36,0x2a,0xb0,0x36,0x2a,0xb0,0x36,0x2a,0xb0,0x36,0x2a,0xb0,
0x36,0x2a,0xb0,0x36,0x2a,0xb0,0x36,0x2a,0xb0,0x36,0x2a,0xb0,0x36,0x2a,0xb0,0x36,
0x2a,0xb0,0x36,0x2a,0xb0,0x36,0x2a,0xb0,0x36,0x2a,0xb0,0x36,0x2a,0xb0,0x36,0x2a,
0xb0,0x36,0x2a,0xb0,0x36,0x2a,0xb0,0x36,0x2a,0xb0,0x36,0x2a,0xb0,0x36,0x2a,0xb0,
0x36,0x2a,0xb0,0x36,0x2a,0xb0,0x36,0x2a,0xb0,0x36,0x2a,0xb0,0x36,0x2a,0xb0,0x36,
0x2a,0xb0,0x36,0x2a,0xb0,0x36,0x2a,0xb0,0x36,0x2a,0xb0,0x36,0x2a,0xb0,0x36,0x2a,
0xb0,0x36,0x2a,0xb0,0x36,0x2a,0xb0,0x36,0x2a,0xb0,0x36,0x2a,0xb0,0x36,0x2a,0xb0,
0x36,0x2a,0xb0,0x36,0x2a,0xb0,0x36,0x2a,0xb0,0x36,0x2a,0xb0,0x36,0x2a,0xb0,0x36,
0x2a,0xb0,0x36,0x2a,0xb0,0x36,0x2a,0xb0,0x36,0x2a,0xb0,0x36,0x2a,0xb0,0x36,0x2a,
0xb0,0x36,0x2a,0xb0,0x36,0x2a,0xb0,0x36,0x2a,0xb0,0x36,0x2a,0xb0,0x36,0x2a,0xb0,
0x36,0x2a,0xb0,0x36,0x2a,0xb0,0x36,0x2a,0xb0,0x36,0x2a,0xb0,0x36,0x2a,0xb0,0x36,
0x2a,0xb0,0x36,0x2a,0xb0,0x36,0x2a,0xb0,0x36,0x2a,0xb0,0x36,0x2a,0xb0,0x36,0x2a,
0xb0,0x36,0x2a,0xb0,0x36,0x2a,0xaf,0x3a,0x2d,0xaf,0x3a,0x2d,0xaf,0x3a,0x2d,0xaf,
0x3a,0x2d,0xaf,0x3a,0x2d,0xaf,0x3a,0x2d,0xaf,0x3a,0x2d,0xaf,0x3a,0x2d,0xaf,0x3a,
0x2d,0xaf,0x3a,0x2d,0xaf,0x3a,0x2d,0xaf,0x3a,0x2d,0xaf,0x3a,0x2d,0xaf,0x3a,0x2d,
0xaf,0x3a,0x2d,0xaf,0x3a,0x2d,0xaf,0x3a,0x2d,0xaf,0x3a,0x2d,0xaf,0x3a,0x2d,0xaf,
0x3a,0x2d,0xaf,0x3a,0x2d,0xaf,0x3a,0x2d,0xaf,0x3a,0x2d,0xaf,0x3a,0x2d,0xaf,0x3a,
0x2d,0xaf,0x3a,0x2d,0xaf,0x3a,0x2d,0xaf,0x3a,0x2d,0xaf,0x3a,0x2d,0xaf,0x3a,0x2d,
0xaf,0x3a,0x2d,0xaf,0x3a,0x2d,0xaf,0x3a,0x2d,0xaf,0x3a,0x2d,0xaf,0x3a,0x2d,0xaf,
0x3a,0x2d,0xaf,0x3a,0x2d,0xaf,0x3a,0x2d,0xaf,0x3a,0x2d,0xaf,0x3a,0x2d,0xaf,0x3a,
0x2d,0xaf,0x3a,0x2d,0xaf,0x3a,0x2d,0xaf,0x3a,0x2d,0xaf,0x3a,0x2d,0xaf,0x3a,0x2d,
0xaf,0x3a,0x2d,0xaf,0x3a,0x2d,0xaf,0x3a,0x2d,0xaf,0x3a,0x2d,0xaf,0x3a,0x2d,0xaf,
0x3a,0x2d,0xaf,0x3a,0x2d,0xaf,0x3a,0x2d,0xaf,0x3a,0x2d,0xaf,0x3a,0x2d,0xaf,0x3a,
0x2d,0xaf,0x3a,0x2d,0xaf,0x3a,0x2d,0xaf,0x3a,0x2d,0xaf,0x3a,0x2d,0xaf,0x3a,0x2d,
0xaf,0x3a,0x2d,0xaf,0x3a,0x2d,0xaf,0x3a,0x2d,0xaf,0x3a,0x2d,0xaf,0x3a,0x2d,0xaf,
0x3a,0x2d,0xaf,0x3a,0x2d,0xaf,0x3a,0x2d,0xaf,0x3a,0x2d,0xaf,0x3a,0x2d,0xaf,0x3a,
0x2d,0xaf,0x3a,0x2d,0xaf,0x3a,0x2d,0xaf,0x3a,0x2d,0xaf,0x3a,0x2d,0xaf,0x3a,0x2d,
0xaf,0x3a,0x2d,0xaf,0x3a,0x2d,0xaf,0x3a,0x2d,0xaf,0x3a,0x2d,0xaf,0x3a,0x2d,0xaf,
0x3a,0x2d,0xaf,0x3a,0x2d,0xaf,0x3a,0x2d,0xaf,0x3a,0x2d,0xaf,0x3a,0x2d,0xaf,0x3a,
0x2d,0xaf,0x3a,0x2d,0xaf,0x3a,0x2d,0xaf,0x3a,0x2d,0xaf,0x3a,0x2d,0xaf,0x3a,0x2d,
0xaf,0x3a,0x2d,0xaf,0x3a,0x2d,0xae,0x3d,0x31,0xae,0x3d,0x31,0xae,0x3d,0x31,0xae,
0x3d,0x31,0xae,0x3d,0x31,0xae,0x3d,0x31,0xae,0x3d,0x31,0xae,0x3d,0x31,0xae,0x3d,
0x31,0xae,0x3d,0x31,0xae,0x3d,0x31,0xae,0x3d,0x31,0xae,0x3d,0x31,0xae,0x3d,0x31,
0xae,0x3d,0x31,0xae,0x3d,0x31,0xae,0x3d,0x31,0xae,0x3d,0x31,0xae,0x3d,0x31,0xae,
0x3d,0x31,0xae,0x3d,0x31,0xae,0x3d,0x31,0xae,0x3d,0x31,0xae,0x3d,0x31,0xae,0x3d,
0x31,0xae,0x3d,0x31,0xae,0x3d,0x31,0xae,0x3d,0x31,0xae,0x3d,0x31,0xae,0x3d,0x31,
0xae,0x3d,0x31,0xae,0x3d,0x31,0xae,0x3d,0x31,0xae,0x3d,0x31,0xae,0x3d,0x31,0xae,
0x3d,0x31,0xae,0x3d,0x31,0xae,0x3d,0x31,0xae,0x3d,0x31,0xae,0x3d,0x31,0xae,0x3d,
0x31,0xae,0x3d,0x31,0xae,0x3d,0x31,0xae,0x3d,0x31,0xae,0x3d,0x31,0xae,0x3d,0x31,
0xae,0x3d,0x31,0xae,0x3d,0x31,0xae,0x3d,0x31,0xae,0x3d,0x31,0xae,0x3d,0x31,0xae,
0x3d,0x31,0xae,0x3d,0x31,0xae,0x3d,0x31,0xae,0x3d,0x31,0xae,0x3d,0x31,0xae,0x3d,
0x31,0xae,0x3d,0x31,0xae,0x3d,0x31,0xae,0x3d,0x31,0xae,0x3d,0x31,0xae,0x3d,0x31,
0xae,0x3d,0x31,0xae,0x3d,0x31,0xae,0x3d,0x31,0xae,0x3d,0x31,0xae,0x3d,0x31,0xae,
0x3d,0x31,0xae,0x3d,0x31,0xae,0x3d,0x31,0xae,0x3d,0x31,0xae,0x3d,0x31,0xae,0x3d,
0x31,0xae,0x3d,0x31,0xae,0x3d,0x31,0xae,0x3d,0x31,0xae,0x3d,0x31,0xae,0x3d,0x31,
0xae,0x3d,0x31,0xae,0x3d,0x31,0xae,0x3d,0x31,0xae,0x3d,0x31,0xae,0x3d,0x31,0xae,
0x3d,0x31,0xae,0x3d,0x31,0xae,0x3d,0x31,0xae,0x3d,0x31,0xae,0x3d,0x31,0xae,0x3d,
0x31,0xae,0x3d,0x31,0xae,0x3d,0x31,0xae,0x3d,0x31,0xae,0x3d,0x31,0xae,0x3d,0x31,
0xae,0x3d,0x31,0xae,0x3d,0x31,0xad,0x41,0x34,0xad,0x41,0x34,0xad,0x41,0x34,0xad,
0x41,0x34,0xad,0x41,0x34,0xad,0x41,0x34,0xad,0x41,0x34,0xad,0x41,0x34,0xad,0x41,
0x34,0xad,0x41,0x34,0xad,0x41,0x34,0xad,0x41,0x34,0xad,0x41,0x34,0xad,0x41,0x34,
0xad,0x41,0x34,0xad,0x41,0x34,0xad,0x41,0x34,0xad,0x41,0x34,0xad,0x41,0x34,0xad,
0x41,0x34,0xad,0x41,0x34,0xad,0x41,0x34,0xad,0x41,0x34,0xad,0x41,0x34,0xad,0x41,
0x34,0xad,0x41,0x34,0xad,0x41,0x34,0xad,0x41,0x34,0xad,0x41,0x34,0xad,0x41,0x34,
0xad,0x41,0x34,0xad,0x41,0x34,0xad,0x41,0x34,0xad,0x41,0x34,0xad,0x41,0x34,0xad,
0x41,0x34,0xad,0x41,0x34,0xad,0x41,0x34,0xad,0x41,0x34,0xad,0x41,0x34,0xad,0x41,
0x34,0xad,0x41,0x34,0xad,0x41,0x34,0xad,0x41,0x34,0xad,0x41,0x34,0xad,0x41,0x34,
0xad,0x41,0x34,0xad,0x41,0x34,0xad,0x41,0x34,0xad,0x41,0x34,0xad,0x41,0x34,0xad,
0x41,0x34,0xad,0x41,0x34,0xad,0x41,0x34,0xad,0x41,0x34,0xad,0x41,0x34,0xad,0x41,
0x34,0xad,0x41,0x34,0xad,0x41,0x34,0xad,0x41,0x34,0xad,0x41,0x34,0xad,0x41,0x34,
0xad,0x41,0x34,0xad,0x41,0x34,0xad,0x41,0x34,0xad,0x41,0x34,0xad,0x41,0x34,0xad,
0x41,0x34,0xad,0x41,0x34,0xad,0x41,0x34,0xad,0x41,0x34,0xad,0x41,0x34,0xad,0x41,
0x34,0xad,0x41,0x34,0xad,0x41,0x34,0xad,0x41,0x34,0xad,0x41,0x34,0xad,0x41,0x34,
0xad,0x41,0x34,0xad,0x41,0x34,0xad,0x41,0x34,0xad,0x41,0x34,0xad,0x41,0x34,0xad,
0x41,0x34,0xad,0x41,0x34,0xad,0x41,0x34,0xad,0x41,0x34,0xad,0x41,0x34,0xad,0x41,
0x34,0xad,0x41,0x34,0xad,0x41,0x34,0xad,0x41,0x34,0xad,0x41,0x34,0xad,0x41,0x34,
0xad,0x41,0x34,0xad,0x41,0x34,0xac,0x44,0x37,0xac,0x44,0x37,0xac,0x44,0x37,0xac,
0x44,0x37,0xac,0x44,0x37,0xac,0x44,0x37,0xac,0x44,0x37,0xac,0x44,0x37,0xac,0x44,
0x37,0xac,0x44,0x37,0xac,0x44,0x37,0xac,0x44,0x37,0xac,0x44,0x37,0xac,0x44,0x37,
0xac,0x44,0x37,0xac,0x44,0x37,0xac,0x44,0x37,0xac,0x44,0x37,0xac,0x44,0x37,0xac,
0x44,0x37,0xac,0x44,0x37,0xac,0x44,0x37,0xac,0x44,0x37,0xac,0x44,0x37,0xac,0x44,
0x37,0xac,0x44,0x37,0xac,0x44,0x37,0xac,0x44,0x37,0xac,0x44,0x37,0xac,0x44,0x37,
0xac,0x44,0x37,0xac,0x44,0x37,0xac,0x44,0x37,0xac,0x44,0x37,0xac,0x44,0x37,0xac,
0x44,0x37,0xac,0x44,0x37,0xac,0x44,0x37,0xac,0x44,0x37,0xac,0x44,0x37,0xac,0x44,
0x37,0xac,0x44,0x37,0xac,0x44,0x37,0xac,0x44,0x37,0xac,0x44,0x37,0xac,0x44,0x37,
0xac,0x44,0x37,0xac,0x44,0x37,0xac,0x44,0x37,0xac,0x44,0x37,0xac,0x44,0x37,0xac,
0x44,0x37,0xac,0x44,0x37,0xac,0x44,0x37,0xac,0x44,0x37,0xac,0x44,0x37,0xac,0x44,
0x37,0xac,0x44,0x37,0xac,0x44,0x37,0xac,0x44,0x37,0xac,0x44,0x37,0xac,0x44,0x37,
0xac,0x44,0x37,0xac,0x44,0x37,0xac,0x44,0x37,0xac,0x44,0x37,0xac,0x44,0x37,0xac,
0x44,0x37,0xac,0x44,0x37,0xac,0x44,0x37,0xac,0x44,0x37,0xac,0x44,0x37,0xac,0x44,
0x37,0xac,0x44,0x37,0xac,0x44,0x37,0xac,0x44,0x37,0xac,0x44,0x37,0xac,0x44,0x37,
0xac,0x44,0x37,0xac,0x44,0x37,0xac,0x44,0x37,0xac,0x44,0x37,0xac,0x44,0x37,0xac,
0x44,0x37,0xac,0x44,0x37,0xac,0x44,0x37,0xac,0x44,0x37,0xac,0x44,0x37,0xac,0x44,
0x37,0xac,0x44,0x37,0xac,0x44,0x37,0xac,0x44,0x37,0xac,0x44,0x37,0xac,0x44,0x37,
0xac,0x44,0x37,0xac,0x44,0x37,0xab,0x47,0x3a,0xab,0x47,0x3a,0xab,0x47,0x3a,0xab,
0x47,0x3a,0xab,0x47,0x3a,0xab,0x47,0x3a,0xab,0x47,0x3a,0xab,0x47,0x3a,0xab,0x47,
0x3a,0xab,0x47,0x3a,0xab,0x47,0x3a,0xab,0x47,0x3a,0xab,0x47,0x3a,0xab,0x47,0x3a,
0xab,0x47,0x3a,0xab,0x47,0x3a,0xab,0x47,0x3a,0xab,0x47,0x3a,0xab,0x47,0x3a,0xab,
0x47,0x3a,0xab,0x47,0x3a,0xab,0x47,0x3a,0xab,0x47,0x3a,0xab,0x47,0x3a,0xab,0x47,
0x3a,0xab,0x47,0x3a,0xab,0x47,0x3a,0xab,0x47,0x3a,0xab,0x47,0x3a,0xab,0x47,0x3a,
0xab,0x47,0x3a,0xab,0x47,0x3a,0xab,0x47,0x3a,0xab,0x47,0x3a,0xab,0x47,0x3a,0xab,
0x47,0x3a,0xab,0x47,0x3a,0xab,0x47,0x3a,0xab,0x47,0x3a,0xab,0x47,0x3a,0xab,0x47,
0x3a,0xab,0x47,0x3a,0xab,0x47,0x3a,0xab,0x47,0x3a,0xab,0x47,0x3a,0xab,0x47,0x3a,
0xab,0x47,0x3a,0xab,0x47,0x3a,0xab,0x47,0x3a,0xab,0x47,0x3a,0xab,0x47,0x3a,0xab,
0x47,0x3a,0xab,0x47,0x3a,0xab,0x47,0x3a,0xab,0x47,0x3a,0xab,0x47,0x3a,0xab,0x47,
0x3a,0xab,0x47,0x3a,0xab,0x47,0x3a,0xab,0x47,0x3a,0xab,0x47,0x3a,0xab,0x47,0x3a,
0xab,0x47,0x3a,0xab,0x47,0x3a,0xab,0x47,0x3a,0xab,0x47,0x3a,0xab,0x47,0x3a,0xab,
0x47,0x3a,0xab,0x47,0x3a,0xab,0x47,0x3a,0xab,0x47,0x3a,0xab,0x47,0x3a,0xab,0x47,
0x3a,0xab,0x47,0x3a,0xab,0x47,0x3a,0xab,0x47,0x3a,0xab,0x47,0x3a,0xab,0x47,0x3a,
0xab,0x47,0x3a,0xab,0x47,0x3a,0xab,0x47,0x3a,0xab,0x47,0x3a,0xab,0x47,0x3a,0xab,
0x47,0x3a,0xab,0x47,0x3a,0xab,0x47,0x3a,0xab,0x47,0x3a,0xab,0x47,0x3a,0xab,0x47,
0x3a,0xab,0x47,0x3a,0xab,0x47,0x3a,0xab,0x47,0x3a,0xab,0x47,0x3a,0xab,0x47,0x3a,
0xab,0x47,0x3a,0xab,0x47,0x3a,0xaa,0x4b,0x3d,0xaa,0x4b,0x3d,0xaa,0x4b,0x3d,0xaa,
0x4b,0x3d,0xaa,0x4b,0x3d,0xaa,0x4b,0x3d,0xaa,0x4b,0x3d,0xaa,0x4b,0x3d,0xaa,0x4b,
0x3d,0xaa,0x4b,0x3d,0xaa,0x4b,0x3d,0xaa,0x4b,0x3d,0xaa,0x4b,0x3d,0xaa,0x4b,0x3d,
0xaa,0x4b,0x3d,0xaa,0x4b,0x3d,0xaa,0x4b,0x3d,0xaa,0x4b,0x3d,0xaa,0x4b,0x3d,0xaa,
0x4b,0x3d,0xaa,0x4b,0x3d,0xaa,0x4b,0x3d,0xaa,0x4b,0x3d,0xaa,0x4b,0x3d,0xaa,0x4b,
0x3d,0xaa,0x4b,0x3d,0xaa,0x4b,0x3d,0xaa,0x4b,0x3d,0xaa,0x4b,0x3d,0xaa,0x4b,0x3d,
0xaa,0x4b,0x3d,0xaa,0x4b,0x3d,0xaa,0x4b,0x3d,0xaa,0x4b,0x3d,0xaa,0x4b,0x3d,0xaa,
0x4b,0x3d,0xaa,0x4b,0x3d,0xaa,0x4b,0x3d,0xaa,0x4b,0x3d,0xaa,0x4b,0x3d,0xaa,0x4b,
0x3d,0xaa,0x4b,0x3d,0xaa,0x4b,0x3d,0xaa,0x4b,0x3d,0xaa,0x4b,0x3d,0xaa,0x4b,0x3d,
0xaa,0x4b,0x3d,0xaa,0x4b,0x3d,0xaa,0x4b,0x3d,0xaa,0x4b,0x3d,0xaa,0x4b,0x3d,0xaa,
0x4b,0x3d,0xaa,0x4b,0x3d,0xaa,0x4b,0x3d,0xaa,0x4b,0x3d,0xaa,0x4b,0x3d,0xaa,0x4b,
0x3d,0xaa,0x4b,0x3d,0xaa,0x4b,0x3d,0xaa,0x4b,0x3d,0xaa,0x4b,0x3d,0xaa,0x4b,0x3d,
0xaa,0x4b,0x3d,0xaa,0x4b,0x3d,0xaa,0x4b,0x3d,0xaa,0x4b,0x3d,0xaa,0x4b,0x3d,0xaa,
0x4b,0x3d,0xaa,0x4b,0x3d,0xaa,0x4b,0x3d,0xaa,0x4b,0x3d,0xaa,0x4b,0x3d,0xaa,0x4b,
0x3d,0xaa,0x4b,0x3d,0xaa,0x4b,0x3d,0xaa,0x4b,0x3d,0xaa,0x4b,0x3d,0xaa,0x4b,0x3d,
0xaa,0x4b,0x3d,0xaa,0x4b,0x3d,0xaa,0x4b,0x3d,0xaa,0x4b,0x3d,0xaa,0x4b,0x3d,0xaa,
0x4b,0x3d,0xaa,0x4b,0x3d,0xaa,0x4b,0x3d,0xaa,0x4b,0x3d,0xaa,0x4b,0x3d,0xaa,0x4b,
0x3d,0xaa,0x4b,0x3d,0xaa,0x4b,0x3d,0xaa,0x4b,0x3d,0xaa,0x4b,0x3d,0xaa,0x4b,0x3d,
0xaa,0x4b,0x3d,0xaa,0x4b,0x3d,0xa9,0x4e,0x40,0xa9,0x4e,0x40,0xa9,0x4e,0x40,0xa9,
0x4e,0x40,0xa9,0x4e,0x40,0xa9,0x4e,0x40,0xa9,0x4e,0x40,0xa9,0x4e,0x40,0xa9,0x4e,
0x40,0xa9,0x4e,0x40,0xa9,0x4e,0x40,0xa9,0x4e,0x40,0xa9,0x4e,0x40,0xa9,0x4e,0x40,
0xa9,0x4e,0x40,0xa9,0x4e,0x40,0xa9,0x4e,0x40,0xa9,0x4e,0x40,0xa9,0x4e,0x40,0xa9,
0x4e,0x40,0xa9,0x4e,0x40,0xa9,0x4e,0x40,0xa9,0x4e,0x40,0xa9,0x4e,0x40,0xa9,0x4e,
0x40,0xa9,0x4e,0x40,0xa9,0x4e,0x40,0xa9,0x4e,0x40,0xa9,0x4e,0x40,0xa9,0x4e,0x40,
0xa9,0x4e,0x40,0xa9,0x4e,0x40,0xa9,0x4e,0x40,0xa9,0x4e,0x40,0xa9,0x4e,0x40,0xa9,
0x4e,0x40,0xa9,0x4e,0x40,0xa9,0x4e,0x40,0xa9,0x4e,0x40,0xa9,0x4e,0x40,0xa9,0x4e,
0x40,0xa9,0x4e,0x40,0xa9,0x4e,0x40,0xa9,0x4e,0x40,0xa9,0x4e,0x40,0xa9,0x4e,0x40,
0xa9,0x4e,0x40,0xa9,0x4e,0x40,0xa9,0x4e,0x40,0xa9,0x4e,0x40,0xa9,0x4e,0x40,0xa9,
0x4e,0x40,0xa9,0x4e,0x40,0xa9,0x4e,0x40,0xa9,0x4e,0x40,0xa9,0x4e,0x40,0xa9,0x4e,
0x40,0xa9,0x4e,0x40,0xa9,0x4e,0x40,0xa9,0x4e,0x40,0xa9,0x4e,0x40,0xa9,0x4e,0x40,
0xa9,0x4e,0x40,0xa9,0x4e,0x40,0xa9,0x4e,0x40,0xa9,0x4e,0x40,0xa9,0x4e,0x40,0xa9,
0x4e,0x40,0xa9,0x4e,0x40,0xa9,0x4e,0x40,0xa9,0x4e,0x40,0xa9,0x4e,0x40,0xa9,0x4e,
0x40,0xa9,0x4e,0x40,0xa9,0x4e,0x40,0xa9,0x4e,0x40,0xa9,0x4e,0x40,0xa9,0x4e,0x40,
0xa9,0x4e,0x40,0xa9,0x4e,0x40,0xa9,0x4e,0x40,0xa9,0x4e,0x40,0xa9,0x4e,0x40,0xa9,
0x4e,0x40,0xa9,0x4e,0x40,0xa9,0x4e,0x40,0xa9,0x4e,0x40,0xa9,0x4e,0x40,0xa9,0x4e,
0x40,0xa9,0x4e,0x40,0xa9,0x4e,0x40,0xa9,0x4e,0x40,0xa9,0x4e,0x40,0xa9,0x4e,0x40,
0xa9,0x4e,0x40,0xa9,0x4e,0x40,0xa8,0x51,0x44,0xa8,0x51,0x44,0xa8,0x51,0x44,0xa8,
0x51,0x44,0xa8,0x51,0x44,0xa8,0x51,0x44,0xa8,0x51,0x44,0xa8,0x51,0x44,0xa8,0x51,
0x44,0xa8,0x51,0x44,0xa8,0x51,0x44,0xa8,0x51,0x44,0xa8,0x51,0x44,0xa8,0x51,0x44,
0xa8,0x51,0x44,0xa8,0x51,0x44,0xa8,0x51,0x44,0xa8,0x51,0x44,0xa8,0x51,0x44,0xa8,
0x51,0x44,0xa8,0x51,0x44,0xa8,0x51,0x44,0xa8,0x51,0x44,0xa8,0x51,0x44,0xa8,0x51,
0x44,0xa8,0x51,0x44,0xa8,0x51,0x44,0xa8,0x51,0x44,0xa8,0x51,0x44,0xa8,0x51,0x44,
0xa8,0x51,0x44,0xa8,0x51,0x44,0xa8,0x51,0x44,0xa8,0x51,0x44,0xa8,0x51,0x44,0xa8,
0x51,0x44,0xa8,0x51,0x44,0xa8,0x51,0x44,0xa8,0x51,0x44,0xa8,0x51,0x44,0xa8,0x51,
0x44,0xa8,0x51,0x44,0xa8,0x51,0x44,0xa8,0x51,0x44,0xa8,0x51,0x44,0xa8,0x51,0x44,
0xa8,0x51,0x44,0xa8,0x51,0x44,0xa8,0x51,0x44,0xa8,0x51,0x44,0xa8,0x51,0x44,0xa8,
0x51,0x44,0xa8,0x51,0x44,0xa8,0x51,0x44,0xa8,0x51,0x44,0xa8,0x51,0x44,0xa8,0x51,
0x44,0xa8,0x51,0x44,0xa8,0x51,0x44,0xa8,0x51,0x44,0xa8,0x51,0x44,0xa8,0x51,0x44,
0xa8,0x51,0x44,0xa8,0x51,0x44,0xa8,0x51,0x44,0xa8,0x51,0x44,0xa8,0x51,0x44,0xa8,
0x51,0x44,0xa8,0x51,0x44,0xa8,0x51,0x44,0xa8,0x51,0x44,0xa8,0x51,0x44,0xa8,0x51,
0x44,0xa8,0x51,0x44,0xa8,0x51,0x44,0xa8,0x51,0x44,0xa8,0x51,0x44,0xa8,0x51,0x44,
0xa8,0x51,0x44,0xa8,0x51,0x44,0xa8,0x51,0x44,0xa8,0x51,0x44,0xa8,0x51,0x44,0xa8,
0x51,0x44,0xa8,0x51,0x44,0xa8,0x51,0x44,0xa8,0x51,0x44,0xa8,0x51,0x44,0xa8,0x51,
0x44,0xa8,0x51,0x44,0xa8,0x51,0x44,0xa8,0x51,0x44,0xa8,0x51,0x44,0xa8,0x51,0x44,
0xa8,0x51,0x44,0xa8,0x51,0x44,0xa7,0x54,0x47,0xa7,0x54,0x47,0xa7,0x54,0x47,0xa7,
0x54,0x47,0xa7,0x54,0x47,0xa7,0x54,0x47,0xa7,0x54,0x47,0xa7,0x54,0x47,0xa7,0x54,
0x47,0xa7,0x54,0x47,0xa7,0x54,0x47,0xa7,0x54,0x47,0xa7,0x54,0x47,0xa7,0x54,0x47,
0xa7,0x54,0x47,0xa7,0x54,0x47,0xa7,0x54,0x47,0xa7,0x54,0x47,0xa7,0x54,0x47,0xa7,
0x54,0x47,0xa7,0x54,0x47,0xa7,0x54,0x47,0xa7,0x54,0x47,0xa7,0x54,0x47,0xa7,0x54,
0x47,0xa7,0x54,0x47,0xa7,0x54,0x47,0xa7,0x54,0x47,0xa7,0x54,0x47,0xa7,0x54,0x47,
0xa7,0x54,0x47,0xa7,0x54,0x47,0xa7,0x54,0x47,0xa7,0x54,0x47,0xa7,0x54,0x47,0xa7,
0x54,0x47,0xa7,0x54,0x47,0xa7,0x54,0x47,0xa7,0x54,0x47,0xa7,0x54,0x47,0xa7,0x54,
0x47,0xa7,0x54,0x47,0xa7,0x54,0x47,0xa7,0x54,0x47,0xa7,0x54,0x47,0xa7,0x54,0x47,
0xa7,0x54,0x47,0xa7,0x54,0x47,0xa7,0x54,0x47,0xa7,0x54,0x47,0xa7,0x54,0x47,0xa7,
0x54,0x47,0xa7,0x54,0x47,0xa7,0x54,0x47,0xa7,0x54,0x47,0xa7,0x54,0x47,0xa7,0x54,
0x47,0xa7,0x54,0x47,0xa7,0x54,0x47,0xa7,0x54,0x47,0xa7,0x54,0x47,0xa7,0x54,0x47,
0xa7,0x54,0x47,0xa7,0x54,0x47,0xa7,0x54,0x47,0xa7,0x54,0x47,0xa7,0x54,0x47,0xa7,
0x54,0x47,0xa7,0x54,0x47,0xa7,0x54,0x47,0xa7,0x54,0x47,0xa7,0x54,0x47,0xa7,0x54,
0x47,0xa7,0x54,0x47,0xa7,0x54,0x47,0xa7,0x54,0x47,0xa7,0x54,0x47,0xa7,0x54,0x47,
0xa7,0x54,0x47,0xa7,0x54,0x47,0xa7,0x54,0x47,0xa7,0x54,0x47,0xa7,0x54,0x47,0xa7,
0x54,0x47,0xa7,0x54,0x47,0xa7,0x54,0x47,0xa7,0x54,0x47,0xa7,0x54,0x47,0xa7,0x54,
0x47,0xa7,0x54,0x47,0xa7,0x54,0x47,0xa7,0x54,0x47,0xa7,0x54,0x47,0xa7,0x54,0x47,
0xa7,0x54,0x47,0xa7,0x54,0x47,0xa6,0x57,0x4a,0xa6,0x57,0x4a,0xa6,0x57,0x4a,0xa6,
0x57,0x4a,0xa6,0x57,0x4a,0xa6,0x57,0x4a,0xa6,0x57,0x4a,0xa6,0x57,0x4a,0xa6,0x57,
0x4a,0xa6,0x57,0x4a,0xa6,0x57,0x4a,0xa6,0x57,0x4a,0xa6,0x57,0x4a,0xa6,0x57,0x4a,
0xa6,0x57,0x4a,0xa6,0x57,0x4a,0xa6,0x57,0x4a,0xa6,0x57,0x4a,0xa6,0x57,0x4a,0xa6,
0x57,0x4a,0xa6,0x57,0x4a,0xa6,0x57,0x4a,0xa6,0x57,0x4a,0xa6,0x57,0x4a,0xa6,0x57,
0x4a,0xa6,0x57,0x4a,0xa6,0x57,0x4a,0xa6,0x57,0x4a,0xa6,0x57,0x4a,0xa6,0x57,0x4a,
0xa6,0x57,0x4a,0xa6,0x57,0x4a,0xa6,0x57,0x4a,0xa6,0x57,0x4a,0xa6,0x57,0x4a,0xa6,
0x57,0x4a,0xa6,0x57,0x4a,0xa6,0x57,0x4a,0xa6,0x57,0x4a,0xa6,0x57,0x4a,0xa6,0x57,
0x4a,0xa6,0x57,0x4a,0xa6,0x57,0x4a,0xa6,0x57,0x4a,0xa6,0x57,0x4a,0xa6,0x57,0x4a,
0xa6,0x57,0x4a,0xa6,0x57,0x4a,0xa6,0x57,0x4a,0xa6,0x57,0x4a,0xa6,0x57,0x4a,0xa6,
0x57,0x4a,0xa6,0x57,0x4a,0xa6,0x57,0x4a,0xa6,0x57,0x4a,0xa6,0x57,0x4a,0xa6,0x57,
0x4a,0xa6,0x57,0x4a,0xa6,0x57,0x4a,0xa6,0x57,0x4a,0xa6,0x57,0x4a,0xa6,0x57,0x4a,
0xa6,0x57,0x4a,0xa6,0x57,0x4a,0xa6,0x57,0x4a,0xa6,0x57,0x4a,0xa6,0x57,0x4a,0xa6,
0x57,0x4a,0xa6,0x57,0x4a,0xa6,0x57,0x4a,0xa6,0x57,0x4a,0xa6,0x57,0x4a,0xa6,0x57,
0x4a,0xa6,0x57,0x4a,0xa6,0x57,0x4a,0xa6,0x57,0x4a,0xa6,0x57,0x4a,0xa6,0x57,0x4a,
0xa6,0x57,0x4a,0xa6,0x57,0x4a,0xa6,0x57,0x4a,0xa6,0x57,0x4a,0xa6,0x57,0x4a,0xa6,
0x57,0x4a,0xa6,0x57,0x4a,0xa6,0x57,0x4a,0xa6,0x57,0x4a,0xa6,0x57,0x4a,0xa6,0x57,
0x4a,0xa6,0x57,0x4a,0xa6,0x57,0x4a,0xa6,0x57,0x4a,0xa6,0x57,0x4a,0xa6,0x57,0x4a,
0xa6,0x57,0x4a,0xa6,0x57,0x4a,0xa5,0x5a,0x4d,0xa5,0x5a,0x4d,0xa5,0x5a,0x4d,0xa5,
0x5a,0x4d,0xa5,0x5a,0x4d,0xa5,0x5a,0x4d,0xa5,0x5a,0x4d,0xa5,0x5a,0x4d,0xa5,0x5a,
0x4d,0xa5,0x5a,0x4d,0xa5,0x5a,0x4d,0xa5,0x5a,0x4d,0xa5,0x5a,0x4d,0xa5,0x5a,0x4d,
0xa5,0x5a,0x4d,0xa5,0x5a,0x4d,0xa5,0x5a,0x4d,0xa5,0x5a,0x4d,0xa5,0x5a,0x4d,0xa5,
0x5a,0x4d,0xa5,0x5a,0x4d,0xa5,0x5a,0x4d,0xa5,0x5a,0x4d,0xa5,0x5a,0x4d,0xa5,0x5a,
0x4d,0xa5,0x5a,0x4d,0xa5,0x5a,0x4d,0xa5,0x5a,0x4d,0xa5,0x5a,0x4d,0xa5,0x5a,0x4d,
0xa5,0x5a,0x4d,0xa5,0x5a,0x4d,0xa5,0x5a,0x4d,0xa5,0x5a,0x4d,0xa5,0x5a,0x4d,0xa5,
0x5a,0x4d,0xa5,0x5a,0x4d,0xa5,0x5a,0x4d,0xa5,0x5a,0x4d,0xa5,0x5a,0x4d,0xa5,0x5a,
0x4d,0xa5,0x5a,0x4d,0xa5,0x5a,0x4d,0xa5,0x5a,0x4d,0xa5,0x5a,0x4d,0xa5,0x5a,0x4d,
0xa5,0x5a,0x4d,0xa5,0x5a,0x4d,0xa5,0x5a,0x4d,0xa5,0x5a,0x4d,0xa5,0x5a,0x4d,0xa5,
0x5a,0x4d,0xa5,0x5a,0x4d,0xa5,0x5a,0x4d,0xa5,0x5a,0x4d,0xa5,0x5a,0x4d,0xa5,0x5a,
0x4d,0xa5,0x5a,0x4d,0xa5,0x5a,0x4d,0xa5,0x5a,0x4d,0xa5,0x5a,0x4d,0xa5,0x5a,0x4d,
0xa5,0x5a,0x4d,0xa5,0x5a,0x4d,0xa5,0x5a,0x4d,0xa5,0x5a,0x4d,0xa5,0x5a,0x4d,0xa5,
0x5a,0x4d,0xa5,0x5a,0x4d,0xa5,0x5a,0x4d,0xa5,0x5a,0x4d,0xa5,0x5a,0x4d,0xa5,0x5a,
0x4d,0xa5,0x5a,0x4d,0xa5,0x5a,0x4d,0xa5,0x5a,0x4d,0xa5,0x5a,0x4d,0xa5,0x5a,0x4d,
0xa5,0x5a,0x4d,0xa5,0x5a,0x4d,0xa5,0x5a,0x4d,0xa5,0x5a,0x4d,0xa5,0x5a,0x4d,0xa5,
0x5a,0x4d,0xa5,0x5a,0x4d,0xa5,0x5a,0x4d,0xa5,0x5a,0x4d,0xa5,0x5a,0x4d,0xa5,0x5a,
0x4d,0xa5,0x5a,0x4d,0xa5,0x5a,0x4d,0xa5,0x5a,0x4d,0xa5,0x5a,0x4d,0xa5,0x5a,0x4d,
0xa5,0x5a,0x4d,0xa5,0x5a,0x4d,0xa4,0x5d,0x50,0xa4,0x5d,0x50,0xa4,0x5d,0x50,0xa4,
0x5d,0x50,0xa4,0x5d,0x50,0xa4,0x5d,0x50,0xa4,0x5d,0x50,0xa4,0x5d,0x50,0xa4,0x5d,
0x50,0xa4,0x5d,0x50,0xa4,0x5d,0x50,0xa4,0x5d,0x50,0xa4,0x5d,0x50,0xa4,0x5d,0x50,
0xa4,0x5d,0x50,0xa4,0x5d,0x50,0xa4,0x5d,0x50,0xa4,0x5d,0x50,0xa4,0x5d,0x50,0xa4,
0x5d,0x50,0xa4,0x5d,0x50,0xa4,0x5d,0x50,0xa4,0x5d,0x50,0xa4,0x5d,0x50,0xa4,0x5d,
0x50,0xa4,0x5d,0x50,0xa4,0x5d,0x50,0xa4,0x5d,0x50,0xa4,0x5d,0x50,0xa4,0x5d,0x50,
0xa4,0x5d,0x50,0xa4,0x5d,0x50,0xa4,0x5d,0x50,0xa4,0x5d,0x50,0xa4,0x5d,0x50,0xa4,
0x5d,0x50,0xa4,0x5d,0x50,0xa4,0x5d,0x50,0xa4,0x5d,0x50,0xa4,0x5d,0x50,0xa4,0x5d,
0x50,0xa4,0x5d,0x50,0xa4,0x5d,0x50,0xa4,0x5d,0x50,0xa4,0x5d,0x50,0xa4,0x5d,0x50,
0xa4,0x5d,0x50,0xa4,0x5d,0x50,0xa4,0x5d,0x50,0xa4,0x5d,0x50,0xa4,0x5d,0x50,0xa4,
0x5d,0x50,0xa4,0x5d,0x50,0xa4,0x5d,0x50,0xa4,0x5d,0x50,0xa4,0x5d,0x50,0xa4,0x5d,
0x50,0xa4,0x5d,0x50,0xa4,0x5d,0x50,0xa4,0x5d,0x50,0xa4,0x5d,0x50,0xa4,0x5d,0x50,
0xa4,0x5d,0x50,0xa4,0x5d,0x50,0xa4,0x5d,0x50,0xa4,0x5d,0x50,0xa4,0x5d,0x50,0xa4,
0x5d,0x50,0xa4,0x5d,0x50,0xa4,0x5d,0x50,0xa4,0x5d,0x50,0xa4,0x5d,0x50,0xa4,0x5d,
0x50,0xa4,0x5d,0x50,0xa4,0x5d,0x50,0xa4,0x5d,0x50,0xa4,0x5d,0x50,0xa4,0x5d,0x50,
0xa4,0x5d,0x50,0xa4,0x5d,0x50,0xa4,0x5d,0x50,0xa4,0x5d,0x50,0xa4,0x5d,0x50,0xa4,
0x5d,0x50,0xa4,0x5d,0x50,0xa4,0x5d,0x50,0xa4,0x5d,0x50,0xa4,0x5d,0x50,0xa4,0x5d,
0x50,0xa4,0x5d,0x50,0xa4,0x5d,0x50,0xa4,0x5d,0x50,0xa4,0x5d,0x50,0xa4,0x5d,0x50,
0xa4,0x5d,0x50,0xa4,0x5d,0x50,0xa3,0x60,0x53,0xa3,0x60,0x53,0xa3,0x60,0x53,0xa3,
0x60,0x53,0xa3,0x60,0x53,0xa3,0x60,0x53,0xa3,0x60,0x53,0xa3,0x60,0x53,0xa3,0x60,
0x53,0xa3,0x60,0x53,0xa3,0x60,0x53,0xa3,0x60,0x53,0xa3,0x60,0x53,0xa3,0x60,0x53,
0xa3,0x60,0x53,0xa3,0x60,0x53,0xa3,0x60,0x53,0xa3,0x60,0x53,0xa3,0x60,0x53,0xa3,
0x60,0x53,0xa3,0x60,0x53,0xa3,0x60,0x53,0xa3,0x60,0x53,0xa3,0x60,0x53,0xa3,0x60,
0x53,0xa3,0x60,0x53,0xa3,0x60,0x53,0xa3,0x60,0x53,0xa3,0x60,0x53,0xa3,0x60,0x53,
0xa3,0x60,0x53,0xa3,0x60,0x53,0xa3,0x60,0x53,0xa3,0x60,0x53,0xa3,0x60,0x53,0xa3,
0x60,0x53,0xa3,0x60,0x53,0xa3,0x60,0x53,0xa3,0x60,0x53,0xa3,0x60,0x53,0xa3,0x60,
0x53,0xa3,0x60,0x53,0xa3,0x60,0x53,0xa3,0x60,0x53,0xa3,0x60,0x53,0xa3,0x60,0x53,
0xa3,0x60,0x53,0xa3,0x60,0x53,0xa3,0x60,0x53,0xa3,0x60,0x53,0xa3,0x60,0x53,0xa3,
0x60,0x53,0xa3,0x60,0x53,0xa3,0x60,0x53,0xa3,0x60,0x53,0xa3,0x60,0x53,0xa3,0x60,
0x53,0xa3,0x60,0x53,0xa3,0x60,0x53,0xa3,0x60,0x53,0xa3,0x60,0x53,0xa3,0x60,0x53,
0xa3,0x60,0x53,0xa3,0x60,0x53,0xa3,0x60,0x53,0xa3,0x60,0x53,0xa3,0x60,0x53,0xa3,
0x60,0x53,0xa3,0x60,0x53,0xa3,0x60,0x53,0xa3,0x60,0x53,0xa3,0x60,0x53,0xa3,0x60,
0x53,0xa3,0x60,0x53,0xa3,0x60,0x53,0xa3,0x60,0x53,0xa3,0x60,0x53,0xa3,0x60,0x53,
0xa3,0x60,0x53,0xa3,0x60,0x53,0xa3,0x60,0x53,0xa3,0x60,0x53,0xa3,0x60,0x53,0xa3,
0x60,0x53,0xa3,0x60,0x53,0xa3,0x60,0x53,0xa3,0x60,0x53,0xa3,0x60,0x53,0xa3,0x60,
0x53,0xa3,0x60,0x53,0xa3,0x60,0x53,0xa3,0x60,0x53,0xa3,0x60,0x53,0xa3,0x60,0x53,
0xa3,0x60,0x53,0xa3,0x60,0x53,0xa2,0x62,0x57,0xa2,0x62,0x57,0xa2,0x62,0x57,0xa2,
0x62,0x57,0xa2,0x62,0x57,0xa2,0x62,0x57,0xa2,0x62,0x57,0xa2,0x62,0x57,0xa2,0x62,
0x57,0xa2,0x62,0x57,0xa2,0x62,0x57,0xa2,0x62,0x57,0xa2,0x62,0x57,0xa2,0x62,0x57,
0xa2,0x62,0x57,0xa2,0x62,0x57,0xa2,0x62,0x57,0xa2,0x62,0x57,0xa2,0x62,0x57,0xa2,
0x62,0x57,0xa2,0x62,0x57,0xa2,0x62,0x57,0xa2,0x62,0x57,0xa2,0x62,0x57,0xa2,0x62,
0x57,0xa2,0x62,0x57,0xa2,0x62,0x57,0xa2,0x62,0x57,0xa2,0x62,0x57,0xa2,0x62,0x57,
0xa2,0x62,0x57,0xa2,0x62,0x57,0xa2,0x62,0x57,0xa2,0x62,0x57,0xa2,0x62,0x57,0xa2,
0x62,0x57,0xa2,0x62,0x57,0xa2,0x62,0x57,0xa2,0x62,0x57,0xa2,0x62,0x57,0xa2,0x62,
0x57,0xa2,0x62,0x57,0xa2,0x62,0x57,0xa2,0x62,0x57,0xa2,0x62,0x57,0xa2,0x62,0x57,
0xa2,0x62,0x57,0xa2,0x62,0x57,0xa2,0x62,0x57,0xa2,0x62,0x57,0xa2,0x62,0x57,0xa2,
0x62,0x57,0xa2,0x62,0x57,0xa2,0x62,0x57,0xa2,0x62,0x57,0xa2,0x62,0x57,0xa2,0x62,
0x57,0xa2,0x62,0x57,0xa2,0x62,0x57,0xa2,0x62,0x57,0xa2,0x62,0x57,0xa2,0x62,0x57,
0xa2,0x62,0x57,0xa2,0x62,0x57,0xa2,0x62,0x57,0xa2,0x62,0x57,0xa2,0x62,0x57,0xa2,
0x62,0x57,0xa2,0x62,0x57,0xa2,0x62,0x57,0xa2,0x62,0x57,0xa2,0x62,0x57,0xa2,0x62,
0x57,0xa2,0x62,0x57,0xa2,0x62,0x57,0xa2,0x62,0x57,0xa2,0x62,0x57,0xa2,0x62,0x57,
0xa2,0x62,0x57,0xa2,0x62,0x57,0xa2,0x62,0x57,0xa2,0x62,0x57,0xa2,0x62,0x57,0xa2,
0x62,0x57,0xa2,0x62,0x57,0xa2,0x62,0x57,0xa2,0x62,0x57,0xa2,0x62,0x57,0xa2,0x62,
0x57,0xa2,0x62,0x57,0xa2,0x62,0x57,0xa2,0x62,0x57,0xa2,0x62,0x57,0xa2,0x62,0x57,
0xa2,0x62,0x57,0xa2,0x62,0x57,0xa1,0x65,0x5a,0xa1,0x65,0x5a,0xa1,0x65,0x5a,0xa1,
0x65,0x5a,0xa1,0x65,0x5a,0xa1,0x65,0x5a,0xa1,0x65,0x5a,0xa1,0x65,0x5a,0xa1,0x65,
0x5a,0xa1,0x65,0x5a,0xa1,0x65,0x5a,0xa1,0x65,0x5a,0xa1,0x65,0x5a,0xa1,0x65,0x5a,
0xa1,0x65,0x5a,0xa1,0x65,0x5a,0xa1,0x65,0x5a,0xa1,0x65,0x5a,0xa1,0x65,0x5a,0xa1,
0x65,0x5a,0xa1,0x65,0x5a,0xa1,0x65,0x5a,0xa1,0x65,0x5a,0xa1,0x65,0x5a,0xa1,0x65,
0x5a,0xa1,0x65,0x5a,0xa1,0x65,0x5a,0xa1,0x65,0x5a,0xa1,0x65,0x5a,0xa1,0x65,0x5a,
0xa1,0x65,0x5a,0xa1,0x65,0x5a,0xa1,0x65,0x5a,0xa1,0x65,0x5a,0xa1,0x65,0x5a,0xa1,
0x65,0x5a,0xa1,0x65,0x5a,0xa1,0x65,0x5a,0xa1,0x65,0x5a,0xa1,0x65,0x5a,0xa1,0x65,
0x5a,0xa1,0x65,0x5a,0xa1,0x65,0x5a,0xa1,0x65,0x5a,0xa1,0x65,0x5a,0xa1,0x65,0x5a,
0xa1,0x65,0x5a,0xa1,0x65,0x5a,0xa1,0x65,0x5a,0xa1,0x65,0x5a,0xa1,0x65,0x5a,0xa1,
0x65,0x5a,0xa1,0x65,0x5a,0xa1,0x65,0x5a,0xa1,0x65,0x5a,0xa1,0x65,0x5a,0xa1,0x65,
0x5a,0xa1,0x65,0x5a,0xa1,0x65,0x5a,0xa1,0x65,0x5a,0xa1,0x65,0x5a,0xa1,0x65,0x5a,
0xa1,0x65,0x5a,0xa1,0x65,0x5a,0xa1,0x65,0x5a,0xa1,0x65,0x5a,0xa1,0x65,0x5a,0xa1,
0x65,0x5a,0xa1,0x65,0x5a,0xa1,0x65,0x5a,0xa1,0x65,0x5a,0xa1,0x65,0x5a,0xa1,0x65,
0x5a,0xa1,0x65,0x5a,0xa1,0x65,0x5a,0xa1,0x65,0x5a,0xa1,0x65,0x5a,0xa1,0x65,0x5a,
0xa1,0x65,0x5a,0xa1,0x65,0x5a,0xa1,0x65,0x5a,0xa1,0x65,0x5a,0xa1,0x65,0x5a,0xa1,
0x65,0x5a,0xa1,0x65,0x5a,0xa1,0x65,0x5a,0xa1,0x65,0x5a,0xa1,0x65,0x5a,0xa1,0x65,
0x5a,0xa1,0x65,0x5a,0xa1,0x65,0x5a,0xa1,0x65,0x5a,0xa1,0x65,0x5a,0xa1,0x65,0x5a,
0xa1,0x65,0x5a,0xa1,0x65,0x5a,0xa0,0x68,0x5d,0xa0,0x68,0x5d,0xa0,0x68,0x5d,0xa0,
0x68,0x5d,0xa0,0x68,0x5d,0xa0,0x68,0x5d,0xa0,0x68,0x5d,0xa0,0x68,0x5d,0xa0,0x68,
0x5d,0xa0,0x68,0x5d,0xa0,0x68,0x5d,0xa0,0x68,0x5d,0xa0,0x68,0x5d,0xa0,0x68,0x5d,
0xa0,0x68,0x5d,0xa0,0x68,0x5d,0xa0,0x68,0x5d,0xa0,0x68,0x5d,0xa0,0x68,0x5d,0xa0,
0x68,0x5d,0xa0,0x68,0x5d,0xa0,0x68,0x5d,0xa0,0x68,0x5d,0xa0,0x68,0x5d,0xa0,0x68,
0x5d,0xa0,0x68,0x5d,0xa0,0x68,0x5d,0xa0,0x68,0x5d,0xa0,0x68,0x5d,0xa0,0x68,0x5d,
0xa0,0x68,0x5d,0xa0,0x68,0x5d,0xa0,0x68,0x5d,0xa0,0x68,0x5d,0xa0,0x68,0x5d,0xa0,
0x68,0x5d,0xa0,0x68,0x5d,0xa0,0x68,0x5d,0xa0,0x68,0x5d,0xa0,0x68,0x5d,0xa0,0x68,
0x5d,0xa0,0x68,0x5d,0xa0,0x68,0x5d,0xa0,0x68,0x5d,0xa0,0x68,0x5d,0xa0,0x68,0x5d,
0xa0,0x68,0x5d,0xa0,0x68,0x5d,0xa0,0x68,0x5d,0xa0,0x68,0x5d,0xa0,0x68,0x5d,0xa0,
0x68,0x5d,0xa0,0x68,0x5d,0xa0,0x68,0x5d,0xa0,0x68,0x5d,0xa0,0x68,0x5d,0xa0,0x68,
0x5d,0xa0,0x68,0x5d,0xa0,0x68,0x5d,0xa0,0x68,0x5d,0xa0,0x68,0x5d,0xa0,0x68,0x5d,
0xa0,0x68,0x5d,0xa0,0x68,0x5d,0xa0,0x68,0x5d,0xa0,0x68,0x5d,0xa0,0x68,0x5d,0xa0,
0x68,0x5d,0xa0,0x68,0x5d,0xa0,0x68,0x5d,0xa0,0x68,0x5d,0xa0,0x68,0x5d,0xa0,0x68,
0x5d,0xa0,0x68,0x5d,0xa0,0x68,0x5d,0xa0,0x68,0x5d,0xa0,0x68,0x5d,0xa0,0x68,0x5d,
0xa0,0x68,0x5d,0xa0,0x68,0x5d,0xa0,0x68,0x5d,0xa0,0x68,0x5d,0xa0,0x68,0x5d,0xa0,
0x68,0x5d,0xa0,0x68,0x5d,0xa0,0x68,0x5d,0xa0,0x68,0x5d,0xa0,0x68,0x5d,0xa0,0x68,
0x5d,0xa0,0x68,0x5d,0xa0,0x68,0x5d,0xa0,0x68,0x5d,0xa0,0x68,0x5d,0xa0,0x68,0x5d,
0xa0,0x68,0x5d,0xa0,0x68,0x5d,0xa0,0x6a,0x60,0xa0,0x6a,0x60,0xa0,0x6a,0x60,0xa0,
0x6a,0x60,0xa0,0x6a,0x60,0xa0,0x6a,0x60,0xa0,0x6a,0x60,0xa0,0x6a,0x60,0xa0,0x6a,
0x60,0xa0,0x6a,0x60,0xa0,0x6a,0x60,0xa0,0x6a,0x60,0xa0,0x6a,0x60,0xa0,0x6a,0x60,
0xa0,0x6a,0x60,0xa0,0x6a,0x60,0xa0,0x6a,0x60,0xa0,0x6a,0x60,0xa0,0x6a,0x60,0xa0,
0x6a,0x60,0xa0,0x6a,0x60,0xa0,0x6a,0x60,0xa0,0x6a,0x60,0xa0,0x6a,0x60,0xa0,0x6a,
0x60,0xa0,0x6a,0x60,0xa0,0x6a,0x60,0xa0,0x6a,0x60,0xa0,0x6a,0x60,0xa0,0x6a,0x60,
0xa0,0x6a,0x60,0xa0,0x6a,0x60,0xa0,0x6a,0x60,0xa0,0x6a,0x60,0xa0,0x6a,0x60,0xa0,
0x6a,0x60,0xa0,0x6a,0x60,0xa0,0x6a,0x60,0xa0,0x6a,0x60,0xa0,0x6a,0x60,0xa0,0x6a,
0x60,0xa0,0x6a,0x60,0xa0,0x6a,0x60,0xa0,0x6a,0x60,0xa0,0x6a,0x60,0xa0,0x6a,0x60,
0xa0,0x6a,0x60,0xa0,0x6a,0x60,0xa0,0x6a,0x60,0xa0,0x6a,0x60,0xa0,0x6a,0x60,0xa0,
0x6a,0x60,0xa0,0x6a,0x60,0xa0,0x6a,0x60,0xa0,0x6a,0x60,0xa0,0x6a,0x60,0xa0,0x6a,
0x60,0xa0,0x6a,0x60,0xa0,0x6a,0x60,0xa0,0x6a,0x60,0xa0,0x6a,0x60,0xa0,0x6a,0x60,
0xa0,0x6a,0x60,0xa0,0x6a,0x60,0xa0,0x6a,0x60,0xa0,0x6a,0x60,0xa0,0x6a,0x60,0xa0,
0x6a,0x60,0xa0,0x6a,0x60,0xa0,0x6a,0x60,0xa0,0x6a,0x60,0xa0,0x6a,0x60,0xa0,0x6a,
0x60,0xa0,0x6a,0x60,0xa0,0x6a,0x60,0xa0,0x6a,0x60,0xa0,0x6a,0x60,0xa0,0x6a,0x60,
0xa0,0x6a,0x60,0xa0,0x6a,0x60,0xa0,0x6a,0x60,0xa0,0x6a,0x60,0xa0,0x6a,0x60,0xa0,
0x6a,0x60,0xa0,0x6a,0x60,0xa0,0x6a,0x60,0xa0,0x6a,0x60,0xa0,0x6a,0x60,0xa0,0x6a,
0x60,0xa0,0x6a,0x60,0xa0,0x6a,0x60,0xa0,0x6a,0x60,0xa0,0x6a,0x60,0xa0,0x6a,0x60,
0xa0,0x6a,0x60,0xa0,0x6a,0x60,0x9f,0x6d,0x63,0x9f,0x6d,0x63,0x9f,0x6d,0x63,0x9f,
0x6d,0x63,0x9f,0x6d,0x63,0x9f,0x6d,0x63,0x9f,0x6d,0x63,0x9f,0x6d,0x63,0x9f,0x6d,
0x63,0x9f,0x6d,0x63,0x9f,0x6d,0x63,0x9f,0x6d,0x63,0x9f,0x6d,0x63,0x9f,0x6d,0x63,
0x9f,0x6d,0x63,0x9f,0x6d,0x63,0x9f,0x6d,0x63,0x9f,0x6d,0x63,0x9f,0x6d,0x63,0x9f,
0x6d,0x63,0x9f,0x6d,0x63,0x9f,0x6d,0x63,0x9f,0x6d,0x63,0x9f,0x6d,0x63,0x9f,0x6d,
0x63,0x9f,0x6d,0x63,0x9f,0x6d,0x63,0x9f,0x6d,0x63,0x9f,0x6d,0x63,0x9f,0x6d,0x63,
0x9f,0x6d,0x63,0x9f,0x6d,0x63,0x9f,0x6d,0x63,0x9f,0x6d,0x63,0x9f,0x6d,0x63,0x9f,
0x6d,0x63,0x9f,0x6d,0x63,0x9f,0x6d,0x63,0x9f,0x6d,0x63,0x9f,0x6d,0x63,0x9f,0x6d,
0x63,0x9f,0x6d,0x63,0x9f,0x6d,0x63,0x9f,0x6d,0x63,0x9f,0x6d,0x63,0x9f,0x6d,0x63,
0x9f,0x6d,0x63,0x9f,0x6d,0x63,0x9f,0x6d,0x63,0x9f,0x6d,0x63,0x9f,0x6d,0x63,0x9f,
0x6d,0x63,0x9f,0x6d,0x63,0x9f,0x6d,0x63,0x9f,0x6d,0x63,0x9f,0x6d,0x63,0x9f,0x6d,
0x63,0x9f,0x6d,0x63,0x9f,0x6d,0x63,0x9f,0x6d,0x63,0x9f,0x6d,0x63,0x9f,0x6d,0x63,
0x9f,0x6d,0x63,0x9f,0x6d,0x63,0x9f,0x6d,0x63,0x9f,0x6d,0x63,0x9f,0x6d,0x63,0x9f,
0x6d,0x63,0x9f,0x6d,0x63,0x9f,0x6d,0x63,0x9f,0x6d,0x63,0x9f,0x6d,0x63,0x9f,0x6d,
0x63,0x9f,0x6d,0x63,0x9f,0x6d,0x63,0x9f,0x6d,0x63,0x9f,0x6d,0x63,0x9f,0x6d,0x63,
0x9f,0x6d,0x63,0x9f,0x6d,0x63,0x9f,0x6d,0x63,0x9f,0x6d,0x63,0x9f,0x6d,0x63,0x9f,
0x6d,0x63,0x9f,0x6d,0x63,0x9f,0x6d,0x63,0x9f,0x6d,0x63,0x9f,0x6d,0x63,0x9f,0x6d,
0x63,0x9f,0x6d,0x63,0x9f,0x6d,0x63,0x9f,0x6d,0x63,0x9f,0x6d,0x63,0x9f,0x6d,0x63,
0x9f,0x6d,0x63,0x9f,0x6d,0x63,0x9e,0x6f,0x67,0x9e,0x6f,0x67,0x9e,0x6f,0x67,0x9e,
0x6f,0x67,0x9e,0x6f,0x67,0x9e,0x6f,0x67,0x9e,0x6f,0x67,0x9e,0x6f,0x67,0x9e,0x6f,
0x67,0x9e,0x6f,0x67,0x9e,0x6f,0x67,0x9e,0x6f,0x67,0x9e,0x6f,0x67,0x9e,0x6f,0x67,
0x9e,0x6f,0x67,0x9e,0x6f,0x67,0x9e,0x6f,0x67,0x9e,0x6f,0x67,0x9e,0x6f,0x67,0x9e,
0x6f,0x67,0x9e,0x6f,0x67,0x9e,0x6f,0x67,0x9e,0x6f,0x67,0x9e,0x6f,0x67,0x9e,0x6f,
0x67,0x9e,0x6f,0x67,0x9e,0x6f,0x67,0x9e,0x6f,0x67,0x9e,0x6f,0x67,0x9e,0x6f,0x67,
0x9e,0x6f,0x67,0x9e,0x6f,0x67,0x9e,0x6f,0x67,0x9e,0x6f,0x67,0x9e,0x6f,0x67,0x9e,
0x6f,0x67,0x9e,0x6f,0x67,0x9e,0x6f,0x67,0x9e,0x6f,0x67,0x9e,0x6f,0x67,0x9e,0x6f,
0x67,0x9e,0x6f,0x67,0x9e,0x6f,0x67,0x9e,0x6f,0x67,0x9e,0x6f,0x67,0x9e,0x6f,0x67,
0x9e,0x6f,0x67,0x9e,0x6f,0x67,0x9e,0x6f,0x67,0x9e,0x6f,0x67,0x9e,0x6f,0x67,0x9e,
0x6f,0x67,0x9e,0x6f,0x67,0x9e,0x6f,0x67,0x9e,0x6f,0x67,0x9e,0x6f,0x67,0x9e,0x6f,
0x67,0x9e,0x6f,0x67,0x9e,0x6f,0x67,0x9e,0x6f,0x67,0x9e,0x6f,0x67,0x9e,0x6f,0x67,
0x9e,0x6f,0x67,0x9e,0x6f,0x67,0x9e,0x6f,0x67,0x9e,0x6f,0x67,0x9e,0x6f,0x67,0x9e,
0x6f,0x67,0x9e,0x6f,0x67,0x9e,0x6f,0x67,0x9e,0x6f,0x67,0x9e,0x6f,0x67,0x9e,0x6f,
0x67,0x9e,0x6f,0x67,0x9e,0x6f,0x67,0x9e,0x6f,0x67,0x9e,0x6f,0x67,0x9e,0x6f,0x67,
0x9e,0x6f,0x67,0x9e,0x6f,0x67,0x9e,0x6f,0x67,0x9e,0x6f,0x67,0x9e,0x6f,0x67,0x9e,
0x6f,0x67,0x9e,0x6f,0x67,0x9e,0x6f,0x67,0x9e,0x6f,0x67,0x9e,0x6f,0x67,0x9e,0x6f,
0x67,0x9e,0x6f,0x67,0x9e,0x6f,0x67,0x9e,0x6f,0x67,0x9e,0x6f,0x67,0x9e,0x6f,0x67,
0x9e,0x6f,0x67,0x9e,0x6f,0x67,0x9d,0x72,0x6a,0x9d,0x72,0x6a,0x9d,0x72,0x6a,0x9d,
0x72,0x6a,0x9d,0x72,0x6a,0x9d,0x72,0x6a,0x9d,0x72,0x6a,0x9d,0x72,0x6a,0x9d,0x72,
0x6a,0x9d,0x72,0x6a,0x9d,0x72,0x6a,0x9d,0x72,0x6a,0x9d,0x72,0x6a,0x9d,0x72,0x6a,
0x9d,0x72,0x6a,0x9d,0x72,0x6a,0x9d,0x72,0x6a,0x9d,0x72,0x6a,0x9d,0x72,0x6a,0x9d,
0x72,0x6a,0x9d,0x72,0x6a,0x9d,0x72,0x6a,0x9d,0x72,0x6a,0x9d,0x72,0x6a,0x9d,0x72,
0x6a,0x9d,0x72,0x6a,0x9d,0x72,0x6a,0x9d,0x72,0x6a,0x9d,0x72,0x6a,0x9d,0x72,0x6a,
0x9d,0x72,0x6a,0x9d,0x72,0x6a,0x9d,0x72,0x6a,0x9d,0x72,0x6a,0x9d,0x72,0x6a,0x9d,
0x72,0x6a,0x9d,0x72,0x6a,0x9d,0x72,0x6a,0x9d,0x72,0x6a,0x9d,0x72,0x6a,0x9d,0x72,
0x6a,0x9d,0x72,0x6a,0x9d,0x72,0x6a,0x9d,0x72,0x6a,0x9d,0x72,0x6a,0x9d,0x72,0x6a,
0x9d,0x72,0x6a,0x9d,0x72,0x6a,0x9d,0x72,0x6a,0x9d,0x72,0x6a,0x9d,0x72,0x6a,0x9d,
0x72,0x6a,0x9d,0x72,0x6a,0x9d,0x72,0x6a,0x9d,0x72,0x6a,0x9d,0x72,0x6a,0x9d,0x72,
0x6a,0x9d,0x72,0x6a,0x9d,0x72,0x6a,0x9d,0x72,0x6a,0x9d,0x72,0x6a,0x9d,0x72,0x6a,
0x9d,0x72,0x6a,0x9d,0x72,0x6a,0x9d,0x72,0x6a,0x9d,0x72,0x6a,0x9d,0x72,0x6a,0x9d,
0x72,0x6a,0x9d,0x72,0x6a,0x9d,0x72,0x6a,0x9d,0x72,0x6a,0x9d,0x72,0x6a,0x9d,0x72,
0x6a,0x9d,0x72,0x6a,0x9d,0x72,0x6a,0x9d,0x72,0x6a,0x9d,0x72,0x6a,0x9d,0x72,0x6a,
0x9d,0x72,0x6a,0x9d,0x72,0x6a,0x9d,0x72,0x6a,0x9d,0x72,0x6a,0x9d,0x72,0x6a,0x9d,
0x72,0x6a,0x9d,0x72,0x6a,0x9d,0x72,0x6a,0x9d,0x72,0x6a,0x9d,0x72,0x6a,0x9d,0x72,
0x6a,0x9d,0x72,0x6a,0x9d,0x72,0x6a,0x9d,0x72,0x6a,0x9d,0x72,0x6a,0x9d,0x72,0x6a,
0x9d,0x72,0x6a,0x9d,0x72,0x6a,0x9c,0x74,0x6d,0x9c,0x74,0x6d,0x9c,0x74,0x6d,0x9c,
0x74,0x6d,0x9c,0x74,0x6d,0x9c,0x74,0x6d,0x9c,0x74,0x6d,0x9c,0x74,0x6d,0x9c,0x74,
0x6d,0x9c,0x74,0x6d,0x9c,0x74,0x6d,0x9c,0x74,0x6d,0x9c,0x74,0x6d,0x9c,0x74,0x6d,
0x9c,0x74,0x6d,0x9c,0x74,0x6d,0x9c,0x74,0x6d,0x9c,0x74,0x6d,0x9c,0x74,0x6d,0x9c,
0x74,0x6d,0x9c,0x74,0x6d,0x9c,0x74,0x6d,0x9c,0x74,0x6d,0x9c,0x74,0x6d,0x9c,0x74,
0x6d,0x9c,0x74,0x6d,0x9c,0x74,0x6d,0x9c,0x74,0x6d,0x9c,0x74,0x6d,0x9c,0x74,0x6d,
0x9c,0x74,0x6d,0x9c,0x74,0x6d,0x9c,0x74,0x6d,0x9c,0x74,0x6d,0x9c,0x74,0x6d,0x9c,
0x74,0x6d,0x9c,0x74,0x6d,0x9c,0x74,0x6d,0x9c,0x74,0x6d,0x9c,0x74,0x6d,0x9c,0x74,
0x6d,0x9c,0x74,0x6d,0x9c,0x74,0x6d,0x9c,0x74,0x6d,0x9c,0x74,0x6d,0x9c,0x74,0x6d,
0x9c,0x74,0x6d,0x9c,0x74,0x6d,0x9c,0x74,0x6d,0x9c,0x74,0x6d,0x9c,0x74,0x6d,0x9c,
0x74,0x6d,0x9c,0x74,0x6d,0x9c,0x74,0x6d,0x9c,0x74,0x6d,0x9c,0x74,0x6d,0x9c,0x74,
0x6d,0x9c,0x74,0x6d,0x9c,0x74,0x6d,0x9c,0x74,0x6d,0x9c,0x74,0x6d,0x9c,0x74,0x6d,
0x9c,0x74,0x6d,0x9c,0x74,0x6d,0x9c,0x74,0x6d,0x9c,0x74,0x6d,0x9c,0x74,0x6d,0x9c,
0x74,0x6d,0x9c,0x74,0x6d,0x9c,0x74,0x6d,0x9c,0x74,0x6d,0x9c,0x74,0x6d,0x9c,0x74,
0x6d,0x9c,0x74,0x6d,0x9c,0x74,0x6d,0x9c,0x74,0x6d,0x9c,0x74,0x6d,0x9c,0x74,0x6d,
0x9c,0x74,0x6d,0x9c,0x74,0x6d,0x9c,0x74,0x6d,0x9c,0x74,0x6d,0x9c,0x74,0x6d,0x9c,
0x74,0x6d,0x9c,0x74,0x6d,0x9c,0x74,0x6d,0x9c,0x74,0x6d,0x9c,0x74,0x6d,0x9c,0x74,
0x6d,0x9c,0x74,0x6d,0x9c,0x74,0x6d,0x9c,0x74,0x6d,0x9c,0x74,0x6d,0x9c,0x74,0x6d,
0x9c,0x74,0x6d,0x9c,0x74,0x6d,0x9b,0x76,0x70,0x9b,0x76,0x70,0x9b,0x76,0x70,0x9b,
0x76,0x70,0x9b,0x76,0x70,0x9b,0x76,0x70,0x9b,0x76,0x70,0x9b,0x76,0x70,0x9b,0x76,
0x70,0x9b,0x76,0x70,0x9b,0x76,0x70,0x9b,0x76,0x70,0x9b,0x76,0x70,0x9b,0x76,0x70,
0x9b,0x76,0x70,0x9b,0x76,0x70,0x9b,0x76,0x70,0x9b,0x76,0x70,0x9b,0x76,0x70,0x9b,
0x76,0x70,0x9b,0x76,0x70,0x9b,0x76,0x70,0x9b,0x76,0x70,0x9b,0x76,0x70,0x9b,0x76,
0x70,0x9b,0x76,0x70,0x9b,0x76,0x70,0x9b,0x76,0x70,0x9b,0x76,0x70,0x9b,0x76,0x70,
0x9b,0x76,0x70,0x9b,0x76,0x70,0x9b,0x76,0x70,0x9b,0x76,0x70,0x9b,0x76,0x70,0x9b,
0x76,0x70,0x9b,0x76,0x70,0x9b,0x76,0x70,0x9b,0x76,0x70,0x9b,0x76,0x70,0x9b,0x76,
0x70,0x9b,0x76,0x70,0x9b,0x76,0x70,0x9b,0x76,0x70,0x9b,0x76,0x70,0x9b,0x76,0x70,
0x9b,0x76,0x70,0x9b,0x76,0x70,0x9b,0x76,0x70,0x9b,0x76,0x70,0x9b,0x76,0x70,0x9b,
0x76,0x70,0x9b,0x76,0x70,0x9b,0x76,0x70,0x9b,0x76,0x70,0x9b,0x76,0x70,0x9b,0x76,
0x70,0x9b,0x76,0x70,0x9b,0x76,0x70,0x9b,0x76,0x70,0x9b,0x76,0x70,0x9b,0x76,0x70,
0x9b,0x76,0x70,0x9b,0x76,0x70,0x9b,0x76,0x70,0x9b,0x76,0x70,0x9b,0x76,0x70,0x9b,
0x76,0x70,0x9b,0x76,0x70,0x9b,0x76,0x70,0x9b,0x76,0x70,0x9b,0x76,0x70,0x9b,0x76,
0x70,0x9b,0x76,0x70,0x9b,0x76,0x70,0x9b,0x76,0x70,0x9b,0x76,0x70,0x9b,0x76,0x70,
0x9b,0x76,0x70,0x9b,0x76,0x70,0x9b,0x76,0x70,0x9b,0x76,0x70,0x9b,0x76,0x70,0x9b,
0x76,0x70,0x9b,0x76,0x70,0x9b,0x76,0x70,0x9b,0x76,0x70,0x9b,0x76,0x70,0x9b,0x76,
0x70,0x9b,0x76,0x70,0x9b,0x76,0x70,0x9b,0x76,0x70,0x9b,0x76,0x70,0x9b,0x76,0x70,
0x9b,0x76,0x70,0x9b,0x76,0x70,0x9a,0x78,0x73,0x9a,0x78,0x73,0x9a,0x78,0x73,0x9a,
0x78,0x73,0x9a,0x78,0x73,0x9a,0x78,0x73,0x9a,0x78,0x73,0x9a,0x78,0x73,0x9a,0x78,
0x73,0x9a,0x78,0x73,0x9a,0x78,0x73,0x9a,0x78,0x73,0x9a,0x78,0x73,0x9a,0x78,0x73,
0x9a,0x78,0x73,0x9a,0x78,0x73,0x9a,0x78,0x73,0x9a,0x78,0x73,0x9a,0x78,0x73,0x9a,
0x78,0x73,0x9a,0x78,0x73,0x9a,0x78,0x73,0x9a,0x78,0x73,0x9a,0x78,0x73,0x9a,0x78,
0x73,0x9a,0x78,0x73,0x9a,0x78,0x73,0x9a,0x78,0x73,0x9a,0x78,0x73,0x9a,0x78,0x73,
0x9a,0x78,0x73,0x9a,0x78,0x73,0x9a,0x78,0x73,0x9a,0x78,0x73,0x9a,0x78,0x73,0x9a,
0x78,0x73,0x9a,0x78,0x73,0x9a,0x78,0x73,0x9a,0x78,0x73,0x9a,0x78,0x73,0x9a,0x78,
0x73,0x9a,0x78,0x73,0x9a,0x78,0x73,0x9a,0x78,0x73,0x9a,0x78,0x73,0x9a,0x78,0x73,
0x9a,0x78,0x73,0x9a,0x78,0x73,0x9a,0x78,0x73,0x9a,0x78,0x73,0x9a,0x78,0x73,0x9a,
0x78,0x73,0x9a,0x78,0x73,0x9a,0x78,0x73,0x9a,0x78,0x73,0x9a,0x78,0x73,0x9a,0x78,
0x73,0x9a,0x78,0x73,0x9a,0x78,0x73,0x9a,0x78,0x73,0x9a,0x78,0x73,0x9a,0x78,0x73,
0x9a,0x78,0x73,0x9a,0x78,0x73,0x9a,0x78,0x73,0x9a,0x78,0x73,0x9a,0x78,0x73,0x9a,
0x78,0x73,0x9a,0x78,0x73,0x9a,0x78,0x73,0x9a,0x78,0x73,0x9a,0x78,0x73,0x9a,0x78,
0x73,0x9a,0x78,0x73,0x9a,0x78,0x73,0x9a,0x78,0x73,0x9a,0x78,0x73,0x9a,0x78,0x73,
0x9a,0x78,0x73,0x9a,0x78,0x73,0x9a,0x78,0x73,0x9a,0x78,0x73,0x9a,0x78,0x73,0x9a,
0x78,0x73,0x9a,0x78,0x73,0x9a,0x78,0x73,0x9a,0x78,0x73,0x9a,0x78,0x73,0x9a,0x78,
0x73,0x9a,0x78,0x73,0x9a,0x78,0x73,0x9a,0x78,0x73,0x9a,0x78,0x73,0x9a,0x78,0x73,
0x9a,0x78,0x73,0x9a,0x78,0x73,0x99,0x7a,0x76,0x99,0x7a,0x76,0x99,0x7a,0x76,0x99,
0x7a,0x76,0x99,0x7a,0x76,0x99,0x7a,0x76,0x99,0x7a,0x76,0x99,0x7a,0x76,0x99,0x7a,
0x76,0x99,0x7a,0x76,0x99,0x7a,0x76,0x99,0x7a,0x76,0x99,0x7a,0x76,0x99,0x7a,0x76,
0x99,0x7a,0x76,0x99,0x7a,0x76,0x99,0x7a,0x76,0x99,0x7a,0x76,0x99,0x7a,0x76,0x99,
0x7a,0x76,0x99,0x7a,0x76,0x99,0x7a,0x76,0x99,0x7a,0x76,0x99,0x7a,0x76,0x99,0x7a,
0x76,0x99,0x7a,0x76,0x99,0x7a,0x76,0x99,0x7a,0x76,0x99,0x7a,0x76,0x99,0x7a,0x76,
0x99,0x7a,0x76,0x99,0x7a,0x76,0x99,0x7a,0x76,0x99,0x7a,0x76,0x99,0x7a,0x76,0x99,
0x7a,0x76,0x99,0x7a,0x76,0x99,0x7a,0x76,0x99,0x7a,0x76,0x99,0x7a,0x76,0x99,0x7a,
0x76,0x99,0x7a,0x76,0x99,0x7a,0x76,0x99,0x7a,0x76,0x99,0x7a,0x76,0x99,0x7a,0x76,
0x99,0x7a,0x76,0x99,0x7a,0x76,0x99,0x7a,0x76,0x99,0x7a,0x76,0x99,0x7a,0x76,0x99,
0x7a,0x76,0x99,0x7a,0x76,0x99,0x7a,0x76,0x99,0x7a,0x76,0x99,0x7a,0x76,0x99,0x7a,
0x76,0x99,0x7a,0x76,0x99,0x7a,0x76,0x99,0x7a,0x76,0x99,0x7a,0x76,0x99,0x7a,0x76,
0x99,0x7a,0x76,0x99,0x7a,0x76,0x99,0x7a,0x76,0x99,0x7a,0x76,0x99,0x7a,0x76,0x99,
0x7a,0x76,0x99,0x7a,0x76,0x99,0x7a,0x76,0x99,0x7a,0x76,0x99,0x7a,0x76,0x99,0x7a,
0x76,0x99,0x7a,0x76,0x99,0x7a,0x76,0x99,0x7a,0x76,0x99,0x7a,0x76,0x99,0x7a,0x76,
0x99,0x7a,0x76,0x99,0x7a,0x76,0x99,0x7a,0x76,0x99,0x7a,0x76,0x99,0x7a,0x76,0x99,
0x7a,0x76,0x99,0x7a,0x76,0x99,0x7a,0x76,0x99,0x7a,0x76,0x99,0x7a,0x76,0x99,0x7a,
0x76,0x99,0x7a,0x76,0x99,0x7a,0x76,0x99,0x7a,0x76,0x99,0x7a,0x76,0x99,0x7a,0x76,
0x99,0x7a,0x76,0x99,0x7a,0x76,0x98,0x7d,0x7a,0x98,0x7d,0x7a,0x98,0x7d,0x7a,0x98,
0x7d,0x7a,0x98,0x7d,0x7a,0x98,0x7d,0x7a,0x98,0x7d,0x7a,0x98,0x7d,0x7a,0x98,0x7d,
0x7a,0x98,0x7d,0x7a,0x98,0x7d,0x7a,0x98,0x7d,0x7a,0x98,0x7d,0x7a,0x98,0x7d,0x7a,
0x98,0x7d,0x7a,0x98,0x7d,0x7a,0x98,0x7d,0x7a,0x98,0x7d,0x7a,0x98,0x7d,0x7a,0x98,
0x7d,0x7a,0x98,0x7d,0x7a,0x98,0x7d,0x7a,0x98,0x7d,0x7a,0x98,0x7d,0x7a,0x98,0x7d,
0x7a,0x98,0x7d,0x7a,0x98,0x7d,0x7a,0x98,0x7d,0x7a,0x98,0x7d,0x7a,0x98,0x7d,0x7a,
0x98,0x7d,0x7a,0x98,0x7d,0x7a,0x98,0x7d,0x7a,0x98,0x7d,0x7a,0x98,0x7d,0x7a,0x98,
0x7d,0x7a,0x98,0x7d,0x7a,0x98,0x7d,0x7a,0x98,0x7d,0x7a,0x98,0x7d,0x7a,0x98,0x7d,
0x7a,0x98,0x7d,0x7a,0x98,0x7d,0x7a,0x98,0x7d,0x7a,0x98,0x7d,0x7a,0x98,0x7d,0x7a,
0x98,0x7d,0x7a,0x98,0x7d,0x7a,0x98,0x7d,0x7a,0x98,0x7d,0x7a,0x98,0x7d,0x7a,0x98,
0x7d,0x7a,0x98,0x7d,0x7a,0x98,0x7d,0x7a,0x98,0x7d,0x7a,0x98,0x7d,0x7a,0x98,0x7d,
0x7a,0x98,0x7d,0x7a,0x98,0x7d,0x7a,0x98,0x7d,0x7a,0x98,0x7d,0x7a,0x98,0x7d,0x7a,
0x98,0x7d,0x7a,0x98,0x7d,0x7a,0x98,0x7d,0x7a,0x98,0x7d,0x7a,0x98,0x7d,0x7a,0x98,
0x7d,0x7a,0x98,0x7d,0x7a,0x98,0x7d,0x7a,0x98,0x7d,0x7a,0x98,0x7d,0x7a,0x98,0x7d,
0x7a,0x98,0x7d,0x7a,0x98,0x7d,0x7a,0x98,0x7d,0x7a,0x98,0x7d,0x7a,0x98,0x7d,0x7a,
0x98,0x7d,0x7a,0x98,0x7d,0x7a,0x98,0x7d,0x7a,0x98,0x7d,0x7a,0x98,0x7d,0x7a,0x98,
0x7d,0x7a,0x98,0x7d,0x7a,0x98,0x7d,0x7a,0x98,0x7d,0x7a,0x98,0x7d,0x7a,0x98,0x7d,
0x7a,0x98,0x7d,0x7a,0x98,0x7d,0x7a,0x98,0x7d,0x7a,0x98,0x7d,0x7a,0x98,0x7d,0x7a,
0x98,0x7d,0x7a,0x98,0x7d,0x7a,0x97,0x7f,0x7d,0x97,0x7f,0x7d,0x97,0x7f,0x7d,0x97,
0x7f,0x7d,0x97,0x7f,0x7d,0x97,0x7f,0x7d,0x97,0x7f,0x7d,0x97,0x7f,0x7d,0x97,0x7f,
0x7d,0x97,0x7f,0x7d,0x97,0x7f,0x7d,0x97,0x7f,0x7d,0x97,0x7f,0x7d,0x97,0x7f,0x7d,
0x97,0x7f,0x7d,0x97,0x7f,0x7d,0x97,0x7f,0x7d,0x97,0x7f,0x7d,0x97,0x7f,0x7d,0x97,
0x7f,0x7d,0x97,0x7f,0x7d,0x97,0x7f,0x7d,0x97,0x7f,0x7d,0x97,0x7f,0x7d,0x97,0x7f,
0x7d,0x97,0x7f,0x7d,0x97,0x7f,0x7d,0x97,0x7f,0x7d,0x97,0x7f,0x7d,0x97,0x7f,0x7d,
0x97,0x7f,0x7d,0x97,0x7f,0x7d,0x97,0x7f,0x7d,0x97,0x7f,0x7d,0x97,0x7f,0x7d,0x97,
0x7f,0x7d,0x97,0x7f,0x7d,0x97,0x7f,0x7d,0x97,0x7f,0x7d,0x97,0x7f,0x7d,0x97,0x7f,
0x7d,0x97,0x7f,0x7d,0x97,0x7f,0x7d,0x97,0x7f,0x7d,0x97,0x7f,0x7d,0x97,0x7f,0x7d,
0x97,0x7f,0x7d,0x97,0x7f,0x7d,0x97,0x7f,0x7d,0x97,0x7f,0x7d,0x97,0x7f,0x7d,0x97,
0x7f,0x7d,0x97,0x7f,0x7d,0x97,0x7f,0x7d,0x97,0x7f,0x7d,0x97,0x7f,0x7d,0x97,0x7f,
0x7d,0x97,0x7f,0x7d,0x97,0x7f,0x7d,0x97,0x7f,0x7d,0x97,0x7f,0x7d,0x97,0x7f,0x7d,
0x97,0x7f,0x7d,0x97,0x7f,0x7d,0x97,0x7f,0x7d,0x97,0x7f,0x7d,0x97,0x7f,0x7d,0x97,
0x7f,0x7d,0x97,0x7f,0x7d,0x97,0x7f,0x7d,0x97,0x7f,0x7d,0x97,0x7f,0x7d,0x97,0x7f,
0x7d,0x97,0x7f,0x7d,0x97,0x7f,0x7d,0x97,0x7f,0x7d,0x97,0x7f,0x7d,0x97,0x7f,0x7d,
0x97,0x7f,0x7d,0x97,0x7f,0x7d,0x97,0x7f,0x7d,0x97,0x7f,0x7d,0x97,0x7f,0x7d,0x97,
0x7f,0x7d,0x97,0x7f,0x7d,0x97,0x7f,0x7d,0x97,0x7f,0x7d,0x97,0x7f,0x7d,0x97,0x7f,
0x7d,0x97,0x7f,0x7d,0x97,0x7f,0x7d,0x97,0x7f,0x7d,0x97,0x7f,0x7d,0x97,0x7f,0x7d,
0x97,0x7f,0x7d,0x97,0x7f,0x7d,0x96,0x81,0x80,0x96,0x81,0x80,0x96,0x81,0x80,0x96,
0x81,0x80,0x96,0x81,0x80,0x96,0x81,0x80,0x96,0x81,0x80,0x96,0x81,0x80,0x96,0x81,
0x80,0x96,0x81,0x80,0x96,0x81,0x80,0x96,0x81,0x80,0x96,0x81,0x80,0x96,0x81,0x80,
0x96,0x81,0x80,0x96,0x81,0x80,0x96,0x81,0x80,0x96,0x81,0x80,0x96,0x81,0x80,0x96,
0x81,0x80,0x96,0x81,0x80,0x96,0x81,0x80,0x96,0x81,0x80,0x96,0x81,0x80,0x96,0x81,
0x80,0x96,0x81,0x80,0x96,0x81,0x80,0x96,0x81,0x80,0x96,0x81,0x80,0x96,0x81,0x80,
0x96,0x81,0x80,0x96,0x81,0x80,0x96,0x81,0x80,0x96,0x81,0x80,0x96,0x81,0x80,0x96,
0x81,0x80,0x96,0x81,0x80,0x96,0x81,0x80,0x96,0x81,0x80,0x96,0x81,0x80,0x96,0x81,
0x80,0x96,0x81,0x80,0x96,0x81,0x80,0x96,0x81,0x80,0x96,0x81,0x80,0x96,0x81,0x80,
0x96,0x81,0x80,0x96,0x81,0x80,0x96,0x81,0x80,0x96,0x81,0x80,0x96,0x81,0x80,0x96,
0x81,0x80,0x96,0x81,0x80,0x96,0x81,0x80,0x96,0x81,0x80,0x96,0x81,0x80,0x96,0x81,
0x80,0x96,0x81,0x80,0x96,0x81,0x80,0x96,0x81,0x80,0x96,0x81,0x80,0x96,0x81,0x80,
0x96,0x81,0x80,0x96,0x81,0x80,0x96,0x81,0x80,0x96,0x81,0x80,0x96,0x81,0x80,0x96,
0x81,0x80,0x96,0x81,0x80,0x96,0x81,0x80,0x96,0x81,0x80,0x96,0x81,0x80,0x96,0x81,
0x80,0x96,0x81,0x80,0x96,0x81,0x80,0x96,0x81,0x80,0x96,0x81,0x80,0x96,0x81,0x80,
0x96,0x81,0x80,0x96,0x81,0x80,0x96,0x81,0x80,0x96,0x81,0x80,0x96,0x81,0x80,0x96,
0x81,0x80,0x96,0x81,0x80,0x96,0x81,0x80,0x96,0x81,0x80,0x96,0x81,0x80,0x96,0x81,
0x80,0x96,0x81,0x80,0x96,0x81,0x80,0x96,0x81,0x80,0x96,0x81,0x80,0x96,0x81,0x80,
0x96,0x81,0x80,0x96,0x81,0x80,0x95,0x82,0x83,0x95,0x82,0x83,0x95,0x82,0x83,0x95,
0x82,0x83,0x95,0x82,0x83,0x95,0x82,0x83,0x95,0x82,0x83,0x95,0x82,0x83,0x95,0x82,
0x83,0x95,0x82,0x83,0x95,0x82,0x83,0x95,0x82,0x83,0x95,0x82,0x83,0x95,0x82,0x83,
0x95,0x82,0x83,0x95,0x82,0x83,0x95,0x82,0x83,0x95,0x82,0x83,0x95,0x82,0x83,0x95,
0x82,0x83,0x95,0x82,0x83,0x95,0x82,0x83,0x95,0x82,0x83,0x95,0x82,0x83,0x95,0x82,
0x83,0x95,0x82,0x83,0x95,0x82,0x83,0x95,0x82,0x83,0x95,0x82,0x83,0x95,0x82,0x83,
0x95,0x82,0x83,0x95,0x82,0x83,0x95,0x82,0x83,0x95,0x82,0x83,0x95,0x82,0x83,0x95,
0x82,0x83,0x95,0x82,0x83,0x95,0x82,0x83,0x95,0x82,0x83,0x95,0x82,0x83,0x95,0x82,
0x83,0x95,0x82,0x83,0x95,0x82,0x83,0x95,0x82,0x83,0x95,0x82,0x83,0x95,0x82,0x83,
0x95,0x82,0x83,0x95,0x82,0x83,0x95,0x82,0x83,0x95,0x82,0x83,0x95,0x82,0x83,0x95,
0x82,0x83,0x95,0x82,0x83,0x95,0x82,0x83,0x95,0x82,0x83,0x95,0x82,0x83,0x95,0x82,
0x83,0x95,0x82,0x83,0x95,0x82,0x83,0x95,0x82,0x83,0x95,0x82,0x83,0x95,0x82,0x83,
0x95,0x82,0x83,0x95,0x82,0x83,0x28,0xb4,0xf0,0x28,0xb4,0xf0,0x28,0xb4,0xf0,0x28,
0xb4,0xf0,0x28,0xb4,0xf0,0x28,0xb4,0xf0,0x28,0xb4,0xf0,0x28,0xb4,0xf0,0x28,0xb4,
0xf0,0x95,0x82,0x83,0x95,0x82,0x83,0x95,0x82,0x83,0x95,0x82,0x83,0x95,0x82,0x83,
0x95,0x82,0x83,0x95,0x82,0x83,0x95,0x82,0x83,0x95,0x82,0x83,0x95,0x82,0x83,0x95,
0x82,0x83,0x95,0x82,0x83,0x95,0x82,0x83,0x95,0x82,0x83,0x95,0x82,0x83,0x95,0x82,
0x83,0x95,0x82,0x83,0x95,0x82,0x83,0x95,0x82,0x83,0x95,0x82,0x83,0x95,0x82,0x83,
0x95,0x82,0x83,0x95,0x82,0x83,0x94,0x84,0x86,0x94,0x84,0x86,0x94,0x84,0x86,0x94,
0x84,0x86,0x94,0x84,0x86,0x94,0x84,0x86,0x94,0x84,0x86,0x94,0x84,0x86,0x94,0x84,
0x86,0x94,0x84,0x86,0x94,0x84,0x86,0x94,0x84,0x86,0x94,0x84,0x86,0x94,0x84,0x86,
0x94,0x84,0x86,0x94,0x84,0x86,0x94,0x84,0x86,0x94,0x84,0x86,0x94,0x84,0x86,0x94,
0x84,0x86,0x94,0x84,0x86,0x94,0x84,0x86,0x94,0x84,0x86,0x94,0x84,0x86,0x94,0x84,
0x86,0x94,0x84,0x86,0x94,0x84,0x86,0x94,0x84,0x86,0x94,0x84,0x86,0x94,0x84,0x86,
0x94,0x84,0x86,0x94,0x84,0x86,0x94,0x84,0x86,0x94,0x84,0x86,0x94,0x84,0x86,0x94,
0x84,0x86,0x94,0x84,0x86,0x94,0x84,0x86,0x94,0x84,0x86,0x94,0x84,0x86,0x94,0x84,
0x86,0x94,0x84,0x86,0x94,0x84,0x86,0x94,0x84,0x86,0x94,0x84,0x86,0x94,0x84,0x86,
0x94,0x84,0x86,0x94,0x84,0x86,0x94,0x84,0x86,0x94,0x84,0x86,0x94,0x84,0x86,0x94,
0x84,0x86,0x94,0x84,0x86,0x94,0x84,0x86,0x94,0x84,0x86,0x94,0x84,0x86,0x94,0x84,
0x86,0x94,0x84,0x86,0x94,0x84,0x86,0x94,0x84,0x86,0x94,0x84,0x86,0x94,0x84,0x86,
0x94,0x84,0x86,0x28,0xb4,0xf0,0x28,0xb4,0xf0,0x28,0xb4,0xf0,0x28,0xb4,0xf0,0x28,
0xb4,0xf0,0x28,0xb4,0xf0,0x28,0xb4,0xf0,0x28,0xb4,0xf0,0x28,0xb4,0xf0,0x28,0xb4,
0xf0,0x28,0xb4,0xf0,0x94,0x84,0x86,0x94,0x84,0x86,0x94,0x84,0x86,0x94,0x84,0x86,
0x94,0x84,0x86,0x94,0x84,0x86,0x94,0x84,0x86,0x94,0x84,0x86,0x94,0x84,0x86,0x94,
0x84,0x86,0x94,0x84,0x86,0x94,0x84,0x86,0x94,0x84,0x86,0x94,0x84,0x86,0x94,0x84,
0x86,0x94,0x84,0x86,0x94,0x84,0x86,0x94,0x84,0x86,0x94,0x84,0x86,0x94,0x84,0x86,
0x94,0x84,0x86,0x94,0x84,0x86,0x93,0x86,0x89,0x93,0x86,0x89,0x93,0x86,0x89,0x93,
0x86,0x89,0x93,0x86,0x89,0x93,0x86,0x89,0x93,0x86,0x89,0x93,0x86,0x89,0x93,0x86,
0x89,0x93,0x86,0x89,0x93,0x86,0x89,0x93,0x86,0x89,0x93,0x86,0x89,0x93,0x86,0x89,
0x93,0x86,0x89,0x93,0x86,0x89,0x93,0x86,0x89,0x93,0x86,0x89,0x93,0x86,0x89,0x93,
0x86,0x89,0x93,0x86,0x89,0x93,0x86,0x89,0x93,0x86,0x89,0x93,0x86,0x89,0x93,0x86,
0x89,0x93,0x86,0x89,0x93,0x86,0x89,0x93,0x86,0x89,0x93,0x86,0x89,0x93,0x86,0x89,
0x93,0x86,0x89,0x93,0x86,0x89,0x93,0x86,0x89,0x93,0x86,0x89,0x93,0x86,0x89,0x93,
0x86,0x89,0x93,0x86,0x89,0x93,0x86,0x89,0x93,0x86,0x89,0x93,0x86,0x89,0x93,0x86,
0x89,0x93,0x86,0x89,0x93,0x86,0x89,0x93,0x86,0x89,0x93,0x86,0x89,0x93,0x86,0x89,
0x93,0x86,0x89,0x93,0x86,0x89,0x93,0x86,0x89,0x93,0x86,0x89,0x93,0x86,0x89,0x93,
0x86,0x89,0x93,0x86,0x89,0x93,0x86,0x89,0x93,0x86,0x89,0x93,0x86,0x89,0x93,0x86,
0x89,0x93,0x86,0x89,0x93,0x86,0x89,0x93,0x86,0x89,0x93,0x86,0x89,0x28,0xb4,0xf0,
0x28,0xb4,0xf0,0x28,0xb4,0xf0,0x28,0xb4,0xf0,0x28,0xb4,0xf0,0x28,0xb4,0xf0,0x28,
0xb4,0xf0,0x28,0xb4,0xf0,0x28,0xb4,0xf0,0x28,0xb4,0xf0,0x28,0xb4,0xf0,0x28,0xb4,
0xf0,0x28,0xb4,0xf0,0x28,0xb4,0xf0,0x28,0xb4,0xf0,0x93,0x86,0x89,0x93,0x86,0x89,
0x93,0x86,0x89,0x93,0x86,0x89,0x93,0x86,0x89,0x93,0x86,0x89,0x93,0x86,0x89,0x93,
0x86,0x89,0x93,0x86,0x89,0x93,0x86,0x89,0x93,0x86,0x89,0x93,0x86,0x89,0x93,0x86,
0x89,0x93,0x86,0x89,0x93,0x86,0x89,0x93,0x86,0x89,0x93,0x86,0x89,0x93,0x86,0x89,
0x93,0x86,0x89,0x93,0x86,0x89,0x92,0x88,0x8d,0x92,0x88,0x8d,0x92,0x88,0x8d,0x92,
0x88,0x8d,0x92,0x88,0x8d,0x92,0x88,0x8d,0x92,0x88,0x8d,0x92,0x88,0x8d,0x92,0x88,
0x8d,0x92,0x88,0x8d,0x92,0x88,0x8d,0x92,0x88,0x8d,0x92,0x88,0x8d,0x92,0x88,0x8d,
0x92,0x88,0x8d,0x92,0x88,0x8d,0x92,0x88,0x8d,0x92,0x88,0x8d,0x92,0x88,0x8d,0x92,
0x88,0x8d,0x92,0x88,0x8d,0x92,0x88,0x8d,0x92,0x88,0x8d,0x92,0x88,0x8d,0x92,0x88,
0x8d,0x92,0x88,0x8d,0x92,0x88,0x8d,0x92,0x88,0x8d,0x92,0x88,0x8d,0x92,0x88,0x8d,
0x92,0x88,0x8d,0x92,0x88,0x8d,0x92,0x88,0x8d,0x92,0x88,0x8d,0x92,0x88,0x8d,0x92,
0x88,0x8d,0x92,0x88,0x8d,0x92,0x88,0x8d,0x92,0x88,0x8d,0x92,0x88,0x8d,0x92,0x88,
0x8d,0x92,0x88,0x8d,0x92,0x88,0x8d,0x92,0x88,0x8d,0x92,0x88,0x8d,0x92,0x88,0x8d,
0x92,0x88,0x8d,0x92,0x88,0x8d,0x92,0x88,0x8d,0x92,0x88,0x8d,0x92,0x88,0x8d,0x92,
0x88,0x8d,0x92,0x88,0x8d,0x92,0x88,0x8d,0x92,0x88,0x8d,0x92,0x88,0x8d,0x92,0x88,
0x8d,0x92,0x88,0x8d,0x92,0x88,0x8d,0x92,0x88,0x8d,0x92,0x88,0x8d,0x28,0xb4,0xf0,
0x28,0xb4,0xf0,0x28,0xb4,0xf0,0x28,0xb4,0xf0,0x28,0xb4,0xf0,0x28,0xb4,0xf0,0x28,
0xb4,0xf0,0x28,0xb4,0xf0,0x28,0xb4,0xf0,0x28,0xb4,0xf0,0x28,0xb4,0xf0,0x28,0xb4,
0xf0,0x28,0xb4,0xf0,0x28,0xb4,0xf0,0x28,0xb4,0xf0,0x92,0x88,0x8d,0x92,0x88,0x8d,
0x92,0x88,0x8d,0x92,0x88,0x8d,0x92,0x88,0x8d,0x92,0x88,0x8d,0x92,0x88,0x8d,0x92,
0x88,0x8d,0x92,0x88,0x8d,0x92,0x88,0x8d,0x92,0x88,0x8d,0x92,0x88,0x8d,0x92,0x88,
0x8d,0x92,0x88,0x8d,0x92,0x88,0x8d,0x92,0x88,0x8d,0x92,0x88,0x8d,0x92,0x88,0x8d,
0x92,0x88,0x8d,0x92,0x88,0x8d,0x91,0x89,0x90,0x91,0x89,0x90,0x91,0x89,0x90,0x91,
0x89,0x90,0x91,0x89,0x90,0x91,0x89,0x90,0x91,0x89,0x90,0x91,0x89,0x90,0x91,0x89,
0x90,0x91,0x89,0x90,0x91,0x89,0x90,0x91,0x89,0x90,0x91,0x89,0x90,0x91,0x89,0x90,
0x91,0x89,0x90,0x91,0x89,0x90,0x91,0x89,0x90,0x91,0x89,0x90,0x91,0x89,0x90,0x91,
0x89,0x90,0x91,0x89,0x90,0x91,0x89,0x90,0x91,0x89,0x90,0x91,0x89,0x90,0x91,0x89,
0x90,0x91,0x89,0x90,0x91,0x89,0x90,0x91,0x89,0x90,0x91,0x89,0x90,0x91,0x89,0x90,
0x91,0x89,0x90,0x91,0x89,0x90,0x91,0x89,0x90,0x91,0x89,0x90,0x91,0x89,0x90,0x91,
0x89,0x90,0x91,0x89,0x90,0x91,0x89,0x90,0x91,0x89,0x90,0x91,0x89,0x90,0x91,0x89,
0x90,0x91,0x89,0x90,0x91,0x89,0x90,0x91,0x89,0x90,0x91,0x89,0x90,0x91,0x89,0x90,
0x91,0x89,0x90,0x91,0x89,0x90,0x91,0x89,0x90,0x91,0x89,0x90,0x91,0x89,0x90,0x91,
0x89,0x90,0x91,0x89,0x90,0x91,0x89,0x90,0x91,0x89,0x90,0x91,0x89,0x90,0x91,0x89,
0x90,0x91,0x89,0x90,0x91,0x89,0x90,0x91,0x89,0x90,0x28,0xb4,0xf0,0x28,0xb4,0xf0,
0x28,0xb4,0xf0,0x28,0xb4,0xf0,0x28,0xb4,0xf0,0x28,0xb4,0xf0,0x28,0xb4,0xf0,0x28,
0xb4,0xf0,0x28,0xb4,0xf0,0x28,0xb4,0xf0,0x28,0xb4,0xf0,0x28,0xb4,0xf0,0x28,0xb4,
0xf0,0x28,0xb4,0xf0,0x28,0xb4,0xf0,0x28,0xb4,0xf0,0x28,0xb4,0xf0,0x91,0x89,0x90,
0x91,0x89,0x90,0x91,0x89,0x90,0x91,0x89,0x90,0x91,0x89,0x90,0x91,0x89,0x90,0x91,
0x89,0x90,0x91,0x89,0x90,0x91,0x89,0x90,0x91,0x89,0x90,0x91,0x89,0x90,0x91,0x89,
0x90,0x91,0x89,0x90,0x91,0x89,0x90,0x91,0x89,0x90,0x91,0x89,0x90,0x91,0x89,0x90,
0x91,0x89,0x90,0x91,0x89,0x90,0x90,0x8b,0x93,0x90,0x8b,0x93,0x90,0x8b,0x93,0x90,
0x8b,0x93,0x90,0x8b,0x93,0x90,0x8b,0x93,0x90,0x8b,0x93,0x90,0x8b,0x93,0x90,0x8b,
0x93,0x90,0x8b,0x93,0x90,0x8b,0x93,0x90,0x8b,0x93,0x90,0x8b,0x93,0x90,0x8b,0x93,
0x90,0x8b,0x93,0x90,0x8b,0x93,0x90,0x8b,0x93,0x90,0x8b,0x93,0x90,0x8b,0x93,0x90,
0x8b,0x93,0x90,0x8b,0x93,0x90,0x8b,0x93,0x90,0x8b,0x93,0x90,0x8b,0x93,0x90,0x8b,
0x93,0x90,0x8b,0x93,0x90,0x8b,0x93,0x90,0x8b,0x93,0x90,0x8b,0x93,0x90,0x8b,0x93,
0x90,0x8b,0x93,0x90,0x8b,0x93,0x90,0x8b,0x93,0x90,0x8b,0x93,0x90,0x8b,0x93,0x90,
0x8b,0x93,0x90,0x8b,0x93,0x90,0x8b,0x93,0x90,0x8b,0x93,0x90,0x8b,0x93,0x90,0x8b,
0x93,0x90,0x8b,0x93,0x90,0x8b,0x93,0x90,0x8b,0x93,0x90,0x8b,0x93,0x90,0x8b,0x93,
0x90,0x8b,0x93,0x90,0x8b,0x93,0x90,0x8b,0x93,0x90,0x8b,0x93,0x90,0x8b,0x93,0x90,
0x8b,0x93,0x90,0x8b,0x93,0x90,0x8b,0x93,0x90,0x8b,0x93,0x90,0x8b,0x93,0x90,0x8b,
0x93,0x90,0x8b,0x93,0x90,0x8b,0x93,0x28,0xb4,0xf0,0x28,0xb4,0xf0,0x28,0xb4,0xf0,
0x28,0xb4,0xf0,0x28,0xb4,0xf0,0x28,0xb4,0xf0,0x28,0xb4,0xf0,0x28,0xb4,0xf0,0x28,
0xb4,0xf0,0x28,0xb4,0xf0,0x28,0xb4,0xf0,0x28,0xb4,0xf0,0x28,0xb4,0xf0,0x28,0xb4,
0xf0,0x28,0xb4,0xf0,0x28,0xb4,0xf0,0x28,0xb4,0xf0,0x28,0xb4,0xf0,0x28,0xb4,0xf0,
0x90,0x8b,0x93,0x90,0x8b,0x93,0x90,0x8b,0x93,0x90,0x8b,0x93,0x90,0x8b,0x93,0x90,
0x8b,0x93,0x90,0x8b,0x93,0x90,0x8b,0x93,0x90,0x8b,0x93,0x90,0x8b,0x93,0x90,0x8b,
0x93,0x90,0x8b,0x93,0x90,0x8b,0x93,0x90,0x8b,0x93,0x90,0x8b,0x93,0x90,0x8b,0x93,
0x90,0x8b,0x93,0x90,0x8b,0x93,0x8f,0x8d,0x96,0x8f,0x8d,0x96,0x8f,0x8d,0x96,0x8f,
0x8d,0x96,0x8f,0x8d,0x96,0x8f,0x8d,0x96,0x8f,0x8d,0x96,0x8f,0x8d,0x96,0x8f,0x8d,
0x96,0x8f,0x8d,0x96,0x8f,0x8d,0x96,0x8f,0x8d,0x96,0x8f,0x8d,0x96,0x8f,0x8d,0x96,
0x8f,0x8d,0x96,0x8f,0x8d,0x96,0x8f,0x8d,0x96,0x8f,0x8d,0x96,0x8f,0x8d,0x96,0x8f,
0x8d,0x96,0x8f,0x8d,0x96,0x8f,0x8d,0x96,0x8f,0x8d,0x96,0x8f,0x8d,0x96,0x8f,0x8d,
0x96,0x8f,0x8d,0x96,0x8f,0x8d,0x96,0x8f,0x8d,0x96,0x8f,0x8d,0x96,0x8f,0x8d,0x96,
0x8f,0x8d,0x96,0x8f,0x8d,0x96,0x8f,0x8d,0x96,0x8f,0x8d,0x96,0x8f,0x8d,0x96,0x8f,
0x8d,0x96,0x8f,0x8d,0x96,0x8f,0x8d,0x96,0x8f,0x8d,0x96,0x8f,0x8d,0x96,0x8f,0x8d,
0x96,0x8f,0x8d,0x96,0x8f,0x8d,0x96,0x8f,0x8d,0x96,0x8f,0x8d,0x96,0x8f,0x8d,0x96,
0x8f,0x8d,0x96,0x8f,0x8d,0x96,0x8f,0x8d,0x96,0x8f,0x8d,0x96,0x8f,0x8d,0x96,0x8f,
0x8d,0x96,0x8f,0x8d,0x96,0x8f,0x8d,0x96,0x8f,0x8d,0x96,0x8f,0x8d,0x96,0x8f,0x8d,
0x96,0x8f,0x8d,0x96,0x8f,0x8d,0x96,0x28,0xb4,0xf0,0x28,0xb4,0xf0,0x28,0xb4,0xf0,
0x28,0xb4,0xf0,0x28,0xb4,0xf0,0x28,0xb4,0xf0,0x28,0xb4,0xf0,0x28,0xb4,0xf0,0x28,
0xb4,0xf0,0x28,0xb4,0xf0,0x28,0xb4,0xf0,0x28,0xb4,0xf0,0x28,0xb4,0xf0,0x28,0xb4,
0xf0,0x28,0xb4,0xf0,0x28,0xb4,0xf0,0x28,0xb4,0xf0,0x28,0xb4,0xf0,0x28,0xb4,0xf0,
0x8f,0x8d,0x96,0x8f,0x8d,0x96,0x8f,0x8d,0x96,0x8f,0x8d,0x96,0x8f,0x8d,0x96,0x8f,
0x8d,0x96,0x8f,0x8d,0x96,0x8f,0x8d,0x96,0x8f,0x8d,0x96,0x8f,0x8d,0x96,0x8f,0x8d,
0x96,0x8f,0x8d,0x96,0x8f,0x8d,0x96,0x8f,0x8d,0x96,0x8f,0x8d,0x96,0x8f,0x8d,0x96,
0x8f,0x8d,0x96,0x8f,0x8d,0x96,0x8e,0x8e,0x99,0x8e,0x8e,0x99,0x8e,0x8e,0x99,0x8e,
0x8e,0x99,0x8e,0x8e,0x99,0x8e,0x8e,0x99,0x8e,0x8e,0x99,0x8e,0x8e,0x99,0x8e,0x8e,
0x99,0x8e,0x8e,0x99,0x8e,0x8e,0x99,0x8e,0x8e,0x99,0x8e,0x8e,0x99,0x8e,0x8e,0x99,
0x8e,0x8e,0x99,0x8e,0x8e,0x99,0x8e,0x8e,0x99,0x8e,0x8e,0x99,0x8e,0x8e,0x99,0x8e,
0x8e,0x99,0x8e,0x8e,0x99,0x8e,0x8e,0x99,0x8e,0x8e,0x99,0x8e,0x8e,0x99,0x8e,0x8e,
0x99,0x8e,0x8e,0x99,0x8e,0x8e,0x99,0x8e,0x8e,0x99,0x8e,0x8e,0x99,0x8e,0x8e,0x99,
0x8e,0x8e,0x99,0x8e,0x8e,0x99,0x8e,0x8e,0x99,0x8e,0x8e,0x99,0x8e,0x8e,0x99,0x8e,
0x8e,0x99,0x8e,0x8e,0x99,0x8e,0x8e,0x99,0x8e,0x8e,0x99,0x8e,0x8e,0x99,0x8e,0x8e,
0x99,0x8e,0x8e,0x99,0x8e,0x8e,0x99,0x8e,0x8e,0x99,0x8e,0x8e,0x99,0x8e,0x8e,0x99,
0x8e,0x8e,0x99,0x8e,0x8e,0x99,0x8e,0x8e,0x99,0x8e,0x8e,0x99,0x8e,0x8e,0x99,0x8e,
0x8e,0x99,0x8e,0x8e,0x99,0x8e,0x8e,0x99,0x8e,0x8e,0x99,0x8e,0x8e,0x99,0x8e,0x8e,
0x99,0x8e,0x8e,0x99,0x8e,0x8e,0x99,0x28,0xb4,0xf0,0x28,0xb4,0xf0,0x28,0xb4,0xf0,
0x28,0xb4,0xf0,0x28,0xb4,0xf0,0x28,0xb4,0xf0,0x28,0xb4,0xf0,0x28,0xb4,0xf0,0x28,
0xb4,0xf0,0x28,0xb4,0xf0,0x28,0xb4,0xf0,0x28,0xb4,0xf0,0x28,0xb4,0xf0,0x28,0xb4,
0xf0,0x28,0xb4,0xf0,0x28,0xb4,0xf0,0x28,0xb4,0xf0,0x28,0xb4,0xf0,0x28,0xb4,0xf0,
0x8e,0x8e,0x99,0x8e,0x8e,0x99,0x8e,0x8e,0x99,0x8e,0x8e,0x99,0x8e,0x8e,0x99,0x8e,
0x8e,0x99,0x8e,0x8e,0x99,0x8e,0x8e,0x99,0x8e,0x8e,0x99,0x8e,0x8e,0x99,0x8e,0x8e,
0x99,0x8e,0x8e,0x99,0x8e,0x8e,0x99,0x8e,0x8e,0x99,0x8e,0x8e,0x99,0x8e,0x8e,0x99,
0x8e,0x8e,0x99,0x8e,0x8e,0x99,0x8d,0x90,0x9c,0x8d,0x90,0x9c,0x8d,0x90,0x9c,0x8d,
0x90,0x9c,0x8d,0x90,0x9c,0x8d,0x90,0x9c,0x8d,0x90,0x9c,0x8d,0x90,0x9c,0x8d,0x90,
0x9c,0x8d,0x90,0x9c,0x8d,0x90,0x9c,0x8d,0x90,0x9c,0x8d,0x90,0x9c,0x8d,0x90,0x9c,
0x8d,0x90,0x9c,0x8d,0x90,0x9c,0x8d,0x90,0x9c,0x8d,0x90,0x9c,0x8d,0x90,0x9c,0x8d,
0x90,0x9c,0x8d,0x90,0x9c,0x8d,0x90,0x9c,0x8d,0x90,0x9c,0x8d,0x90,0x9c,0x8d,0x90,
0x9c,0x8d,0x90,0x9c,0x8d,0x90,0x9c,0x8d,0x90,0x9c,0x8d,0x90,0x9c,0x8d,0x90,0x9c,
0x8d,0x90,0x9c,0x8d,0x90,0x9c,0x8d,0x90,0x9c,0x8d,0x90,0x9c,0x8d,0x90,0x9c,0x8d,
0x90,0x9c,0x8d,0x90,0x9c,0x8d,0x90,0x9c,0x8d,0x90,0x9c,0x8d,0x90,0x9c,0x8d,0x90,
0x9c,0x8d,0x90,0x9c,0x8d,0x90,0x9c,0x8d,0x90,0x9c,0x8d,0x90,0x9c,0x8d,0x90,0x9c,
0x8d,0x90,0x9c,0x8d,0x90,0x9c,0x8d,0x90,0x9c,0x8d,0x90,0x9c,0x8d,0x90,0x9c,0x8d,
0x90,0x9c,0x8d,0x90,0x9c,0x8d,0x90,0x9c,0x8d,0x90,0x9c,0x8d,0x90,0x9c,0x8d,0x90,
0x9c,0x8d,0x90,0x9c,0x8d,0x90,0x9c,0x28,0xb4,0xf0,0x28,0xb4,0xf0,0x28,0xb4,0xf0,
0x28,0xb4,0xf0,0x28,0xb4,0xf0,0x28,0xb4,0xf0,0x28,0xb4,0xf0,0x28,0xb4,0xf0,0x28,
0xb4,0xf0,0x28,0xb4,0xf0,0x28,0xb4,0xf0,0x28,0xb4,0xf0,0x28,0xb4,0xf0,0x28,0xb4,
0xf0,0x28,0xb4,0xf0,0x28,0xb4,0xf0,0x28,0xb4,0xf0,0x28,0xb4,0xf0,0x28,0xb4,0xf0,
0x8d,0x90,0x9c,0x8d,0x90,0x9c,0x8d,0x90,0x9c,0x8d,0x90,0x9c,0x8d,0x90,0x9c,0x8d,
0x90,0x9c,0x8d,0x90,0x9c,0x8d,0x90,0x9c,0x8d,0x90,0x9c,0x8d,0x90,0x9c,0x8d,0x90,
0x9c,0x8d,0x90,0x9c,0x8d,0x90,0x9c,0x8d,0x90,0x9c,0x8d,0x90,0x9c,0x8d,0x90,0x9c,
0x8d,0x90,0x9c,0x8d,0x90,0x9c,0x8c,0x91,0xa0,0x8c,0x91,0xa0,0x8c,0x91,0xa0,0x8c,
0x91,0xa0,0x8c,0x91,0xa0,0x8c,0x91,0xa0,0x8c,0x91,0xa0,0x8c,0x91,0xa0,0x8c,0x91,
0xa0,0x8c,0x91,0xa0,0x8c,0x91,0xa0,0x8c,0x91,0xa0,0x8c,0x91,0xa0,0x8c,0x91,0xa0,
0x8c,0x91,0xa0,0x8c,0x91,0xa0,0x8c,0x91,0xa0,0x8c,0x91,0xa0,0x8c,0x91,0xa0,0x8c,
0x91,0xa0,0x8c,0x91,0xa0,0x8c,0x91,0xa0,0x8c,0x91,0xa0,0x8c,0x91,0xa0,0x8c,0x91,
0xa0,0x8c,0x91,0xa0,0x8c,0x91,0xa0,0x8c,0x91,0xa0,0x8c,0x91,0xa0,0x8c,0x91,0xa0,
0x8c,0x91,0xa0,0x8c,0x91,0xa0,0x8c,0x91,0xa0,0x8c,0x91,0xa0,0x8c,0x91,0xa0,0x8c,
0x91,0xa0,0x8c,0x91,0xa0,0x8c,0x91,0xa0,0x8c,0x91,0xa0,0x8c,0x91,0xa0,0x8c,0x91,
0xa0,0x8c,0x91,0xa0,0x8c,0x91,0xa0,0x8c,0x91,0xa0,0x8c,0x91,0xa0,0x8c,0x91,0xa0,
0x8c,0x91,0xa0,0x8c,0x91,0xa0,0x8c,0x91,0xa0,0x8c,0x91,0xa0,0x8c,0x91,0xa0,0x8c,
0x91,0xa0,0x8c,0x91,0xa0,0x8c,0x91,0xa0,0x8c,0x91,0xa0,0x8c,0x91,0xa0,0x8c,0x91,
0xa0,0x8c,0x91,0xa0,0x8c,0x91,0xa0,0x28,0xb4,0xf0,0x28,0xb4,0xf0,0x28,0xb4,0xf0,
0x28,0xb4,0xf0,0x28,0xb4,0xf0,0x28,0xb4,0xf0,0x28,0xb4,0xf0,0x28,0xb4,0xf0,0x28,
0xb4,0xf0,0x28,0xb4,0xf0,0x28,0xb4,0xf0,0x28,0xb4,0xf0,0x28,0xb4,0xf0,0x28,0xb4,
0xf0,0x28,0xb4,0xf0,0x28,0xb4,0xf0,0x28,0xb4,0xf0,0x28,0xb4,0xf0,0x28,0xb4,0xf0,
0x8c,0x91,0xa0,0x8c,0x91,0xa0,0x8c,0x91,0xa0,0x8c,0x91,0xa0,0x8c,0x91,0xa0,0x8c,
0x91,0xa0,0x8c,0x91,0xa0,0x8c,0x91,0xa0,0x8c,0x91,0xa0,0x8c,0x91,0xa0,0x8c,0x91,
0xa0,0x8c,0x91,0xa0,0x8c,0x91,0xa0,0x8c,0x91,0xa0,0x8c,0x91,0xa0,0x8c,0x91,0xa0,
0x8c,0x91,0xa0,0x8c,0x91,0xa0,0x8c,0x92,0xa3,0x8c,0x92,0xa3,0x8c,0x92,0xa3,0x8c,
0x92,0xa3,0x8c,0x92,0xa3,0x8c,0x92,0xa3,0x8c,0x92,0xa3,0x8c,0x92,0xa3,0x8c,0x92,
0xa3,0x8c,0x92,0xa3,0x8c,0x92,0xa3,0x8c,0x92,0xa3,0x8c,0x92,0xa3,0x8c,0x92,0xa3,
0x8c,0x92,0xa3,0x8c,0x92,0xa3,0x8c,0x92,0xa3,0x8c,0x92,0xa3,0x8c,0x92,0xa3,0x8c,
0x92,0xa3,0x8c,0x92,0xa3,0x8c,0x92,0xa3,0x8c,0x92,0xa3,0x8c,0x92,0xa3,0x8c,0x92,
0xa3,0x8c,0x92,0xa3,0x8c,0x92,0xa3,0x8c,0x92,0xa3,0x8c,0x92,0xa3,0x8c,0x92,0xa3,
0x8c,0x92,0xa3,0x8c,0x92,0xa3,0x8c,0x92,0xa3,0x8c,0x92,0xa3,0x8c,0x92,0xa3,0x8c,
0x92,0xa3,0x8c,0x92,0xa3,0x8c,0x92,0xa3,0x8c,0x92,0xa3,0x8c,0x92,0xa3,0x8c,0x92,
0xa3,0x8c,0x92,0xa3,0x8c,0x92,0xa3,0x8c,0x92,0xa3,0x8c,0x92,0xa3,0x8c,0x92,0xa3,
0x8c,0x92,0xa3,0x8c,0x92,0xa3,0x8c,0x92,0xa3,0x8c,0x92,0xa3,0x8c,0x92,0xa3,0x8c,
0x92,0xa3,0x8c,0x92,0xa3,0x8c,0x92,0xa3,0x8c,0x92,0xa3,0x8c,0x92,0xa3,0x8c,0x92,
0xa3,0x8c,0x92,0xa3,0x8c,0x92,0xa3,0x28,0xb4,0xf0,0x28,0xb4,0xf0,0x28,0xb4,0xf0,
0x28,0xb4,0xf0,0x28,0xb4,0xf0,0x28,0xb4,0xf0,0x28,0xb4,0xf0,0x28,0xb4,0xf0,0x28,
0xb4,0xf0,0x28,0xb4,0xf0,0x28,0xb4,0xf0,0x28,0xb4,0xf0,0x28,0xb4,0xf0,0x28,0xb4,
0xf0,0x28,0xb4,0xf0,0x28,0xb4,0xf0,0x28,0xb4,0xf0,0x28,0xb4,0xf0,0x28,0xb4,0xf0,
0x8c,0x92,0xa3,0x8c,0x92,0xa3,0x8c,0x92,0xa3,0x8c,0x92,0xa3,0x8c,0x92,0xa3,0x8c,
0x92,0xa3,0x8c,0x92,0xa3,0x8c,0x92,0xa3,0x8c,0x92,0xa3,0x8c,0x92,0xa3,0x8c,0x92,
0xa3,0x8c,0x92,0xa3,0x8c,0x92,0xa3,0x8c,0x92,0xa3,0x8c,0x92,0xa3,0x8c,0x92,0xa3,
0x8c,0x92,0xa3,0x8c,0x92,0xa3,0x8b,0x93,0xa6,0x8b,0x93,0xa6,0x8b,0x93,0xa6,0x8b,
0x93,0xa6,0x8b,0x93,0xa6,0x8b,0x93,0xa6,0x8b,0x93,0xa6,0x8b,0x93,0xa6,0x8b,0x93,
0xa6,0x8b,0x93,0xa6,0x8b,0x93,0xa6,0x8b,0x93,0xa6,0x8b,0x93,0xa6,0x8b,0x93,0xa6,
0x8b,0x93,0xa6,0x8b,0x93,0xa6,0x8b,0x93,0xa6,0x8b,0x93,0xa6,0x8b,0x93,0xa6,0x8b,
0x93,0xa6,0x8b,0x93,0xa6,0x8b,0x93,0xa6,0x8b,0x93,0xa6,0x8b,0x93,0xa6,0x8b,0x93,
0xa6,0x8b,0x93,0xa6,0x8b,0x93,0xa6,0x8b,0x93,0xa6,0x8b,0x93,0xa6,0x8b,0x93,0xa6,
0x8b,0x93,0xa6,0x8b,0x93,0xa6,0x8b,0x93,0xa6,0x8b,0x93,0xa6,0x8b,0x93,0xa6,0x8b,
0x93,0xa6,0x8b,0x93,0xa6,0x8b,0x93,0xa6,0x8b,0x93,0xa6,0x8b,0x93,0xa6,0x8b,0x93,
0xa6,0x8b,0x93,0xa6,0x8b,0x93,0xa6,0x8b,0x93,0xa6,0x8b,0x93,0xa6,0x8b,0x93,0xa6,
0x8b,0x93,0xa6,0x8b,0x93,0xa6,0x8b,0x93,0xa6,0x8b,0x93,0xa6,0x8b,0x93,0xa6,0x8b,
0x93,0xa6,0x8b,0x93,0xa6,0x8b,0x93,0xa6,0x8b,0x93,0xa6,0x8b,0x93,0xa6,0x8b,0x93,
0xa6,0x8b,0x93,0xa6,0x8b,0x93,0xa6,0x28,0xb4,0xf0,0x28,0xb4,0xf0,0x28,0xb4,0xf0,
0x28,0xb4,0xf0,0x28,0xb4,0xf0,0x28,0xb4,0xf0,0x28,0xb4,0xf0,0x28,0xb4,0xf0,0x28,
0xb4,0xf0,0x28,0xb4,0xf0,0x28,0xb4,0xf0,0x28,0xb4,0xf0,0x28,0xb4,0xf0,0x28,0xb4,
0xf0,0x28,0xb4,0xf0,0x28,0xb4,0xf0,0x28,0xb4,0xf0,0x28,0xb4,0xf0,0x28,0xb4,0xf0,
0x8b,0x93,0xa6,0x8b,0x93,0xa6,0x8b,0x93,0xa6,0x8b,0x93,0xa6,0x8b,0x93,0xa6,0x8b,
0x93,0xa6,0x8b,0x93,0xa6,0x8b,0x93,0xa6,0x8b,0x93,0xa6,0x8b,0x93,0xa6,0x8b,0x93,
0xa6,0x8b,0x93,0xa6,0x8b,0x93,0xa6,0x8b,0x93,0xa6,0x8b,0x93,0xa6,0x8b,0x93,0xa6,
0x8b,0x93,0xa6,0x8b,0x93,0xa6,0x2e,0x31,0x14,0x2e,0x31,0x14,0x2e,0x31,0x14,0x2e,
0x31,0x14,0x2e,0x31,0x14,0x2e,0x31,0x14,0x2e,0x31,0x14,0x2e,0x31,0x14,0x2e,0x31,
0x14,0x2e,0x31,0x14,0x2e,0x31,0x14,0x2e,0x31,0x14,0x2e,0x31,0x14,0x2e,0x31,0x14,
0x2e,0x31,0x14,0x2e,0x31,0x14,0x2e,0x31,0x14,0x2e,0x31,0x14,0x2e,0x31,0x14,0x2e,
0x31,0x14,0x2e,0x31,0x14,0x2e,0x31,0x14,0x2e,0x31,0x14,0x2e,0x31,0x14,0x2e,0x31,
0x14,0x2e,0x31,0x14,0x2e,0x31,0x14,0x2e,0x31,0x14,0x2e,0x31,0x14,0x2e,0x31,0x14,
0x2e,0x31,0x14,0x2e,0x31,0x14,0x2e,0x31,0x14,0x2e,0x31,0x14,0x2e,0x31,0x14,0x2e,
0x31,0x14,0x2e,0x31,0x14,0x2e,0x31,0x14,0x2e,0x31,0x14,0x2e,0x31,0x14,0x2e,0x31,
0x14,0x2e,0x31,0x14,0x2e,0x31,0x14,0x2e,0x31,0x14,0x2e,0x31,0x14,0x2e,0x31,0x14,
0x2e,0x31,0x14,0x2e,0x31,0x14,0x2e,0x31,0x14,0x2e,0x31,0x14,0x2e,0x31,0x14,0x2e,
0x31,0x14,0x2e,0x31,0x14,0x2e,0x31,0x14,0x2e,0x31,0x14,0x2e,0x31,0x14,0x2e,0x31,
0x14,0x2e,0x31,0x14,0x2e,0x31,0x14,0x28,0xb4,0xf0,0x28,0xb4,0xf0,0x28,0xb4,0xf0,
0x28,0xb4,0xf0,0x28,0xb4,0xf0,0x28,0xb4,0xf0,0x28,0xb4,0xf0,0x28,0xb4,0xf0,0x28,
0xb4,0xf0,0x28,0xb4,0xf0,0x28,0xb4,0xf0,0x28,0xb4,0xf0,0x28,0xb4,0xf0,0x28,0xb4,
0xf0,0x28,0xb4,0xf0,0x28,0xb4,0xf0,0x28,0xb4,0xf0,0x28,0xb4,0xf0,0x28,0xb4,0xf0,
0x2e,0x31,0x14,0x2e,0x31,0x14,0x2e,0x31,0x14,0x2e,0x31,0x14,0x2e,0x31,0x14,0x2e,
0x31,0x14,0x2e,0x31,0x14,0x2e,0x31,0x14,0x2e,0x31,0x14,0x2e,0x31,0x14,0x2e,0x31,
0x14,0x2e,0x31,0x14,0x2e,0x31,0x14,0x2e,0x31,0x14,0x2e,0x31,0x14,0x2e,0x31,0x14,
0x2e,0x31,0x14,0x2e,0x31,0x14,0x2d,0x32,0x14,0x2d,0x32,0x14,0x2d,0x32,0x14,0x2d,
0x32,0x14,0x2d,0x32,0x14,0x2d,0x32,0x14,0x2d,0x32,0x14,0x2d,0x32,0x14,0x2d,0x32,
0x14,0x2d,0x32,0x14,0x2d,0x32,0x14,0x2d,0x32,0x14,0x2d,0x32,0x14,0x2d,0x32,0x14,
0x2d,0x32,0x14,0x2d,0x32,0x14,0x2d,0x32,0x14,0x2d,0x32,0x14,0x2d,0x32,0x14,0x2d,
0x32,0x14,0x2d,0x32,0x14,0x2d,0x32,0x14,0x2d,0x32,0x14,0x2d,0x32,0x14,0x2d,0x32,
0x14,0x2d,0x32,0x14,0x2d,0x32,0x14,0x2d,0x32,0x14,0x2d,0x32,0x14,0x2d,0x32,0x14,
0x2d,0x32,0x14,0x2d,0x32,0x14,0x2d,0x32,0x14,0x2d,0x32,0x14,0x2d,0x32,0x14,0x2d,
0x32,0x14,0x2d,0x32,0x14,0x2d,0x32,0x14,0x2d,0x32,0x14,0x2d,0x32,0x14,0x2d,0x32,
0x14,0x2d,0x32,0x14,0x2d,0x32,0x14,0x2d,0x32,0x14,0x2d,0x32,0x14,0x2d,0x32,0x14,
0x2d,0x32,0x14,0x2d,0x32,0x14,0x2d,0x32,0x14,0x2d,0x32,0x14,0x2d,0x32,0x14,0x2d,
0x32,0x14,0x2d,0x32,0x14,0x2d,0x32,0x14,0x2d,0x32,0x14,0x2d,0x32,0x14,0x2d,0x32,
0x14,0x2d,0x32,0x14,0x2d,0x32,0x14,0x28,0xb4,0xf0,0x28,0xb4,0xf0,0x28,0xb4,0xf0,
0x28,0xb4,0xf0,0x28,0xb4,0xf0,0x28,0xb4,0xf0,0x28,0xb4,0xf0,0x28,0xb4,0xf0,0x28,
0xb4,0xf0,0x28,0xb4,0xf0,0x28,0xb4,0xf0,0x28,0xb4,0xf0,0x28,0xb4,0xf0,0x28,0xb4,
0xf0,0x28,0xb4,0xf0,0x28,0xb4,0xf0,0x28,0xb4,0xf0,0x28,0xb4,0xf0,0x28,0xb4,0xf0,
0x2d,0x32,0x14,0x2d,0x32,0x14,0x2d,0x32,0x14,0x2d,0x32,0x14,0x2d,0x32,0x14,0x2d,
0x32,0x14,0x2d,0x32,0x14,0x2d,0x32,0x14,0x2d,0x32,0x14,0x2d,0x32,0x14,0x2d,0x32,
0x14,0x2d,0x32,0x14,0x2d,0x32,0x14,0x2d,0x32,0x14,0x2d,0x32,0x14,0x2d,0x32,0x14,
0x2d,0x32,0x14,0x2d,0x32,0x14,0x2d,0x32,0x14,0x2d,0x32,0x14,0x2d,0x32,0x14,0x2d,
0x32,0x14,0x2d,0x32,0x14,0x2d,0x32,0x14,0x2d,0x32,0x14,0x2d,0x32,0x14,0x2d,0x32,
0x14,0x2d,0x32,0x14,0x2d,0x32,0x14,0x2d,0x32,0x14,0x2d,0x32,0x14,0x2d,0x32,0x14,
0x2d,0x32,0x14,0x2d,0x32,0x14,0x2d,0x32,0x14,0x2d,0x32,0x14,0x2d,0x32,0x14,0x2d,
0x32,0x14,0x2d,0x32,0x14,0x2d,0x32,0x14,0x2d,0x32,0x14,0x2d,0x32,0x14,0x2d,0x32,
0x14,0x2d,0x32,0x14,0x2d,0x32,0x14,0x2d,0x32,0x14,0x2d,0x32,0x14,0x2d,0x32,0x14,
0x2d,0x32,0x14,0x2d,0x32,0x14,0x2d,0x32,0x14,0x2d,0x32,0x14,0x2d,0x32,0x14,0x2d,
0x32,0x14,0x2d,0x32,0x14,0x2d,0x32,0x14,0x2d,0x32,0x14,0x2d,0x32,0x14,0x2d,0x32,
0x14,0x2d,0x32,0x14,0x2d,0x32,0x14,0x2d,0x32,0x14,0x2d,0x32,0x14,0x2d,0x32,0x14,
0x2d,0x32,0x14,0x2d,0x32,0x14,0x2d,0x32,0x14,0x2d,0x32,0x14,0x2d,0x32,0x14,0x2d,
0x32,0x14,0x2d,0x32,0x14,0x2d,0x32,0x14,0x2d,0x32,0x14,0x2d,0x32,0x14,0x2d,0x32,
0x14,0x2d,0x32,0x14,0x2d,0x32,0x14,0x2d,0x32,0x14,0x28,0xb4,0xf0,0x28,0xb4,0xf0,
0x28,0xb4,0xf0,0x28,0xb4,0xf0,0x28,0xb4,0xf0,0x28,0xb4,0xf0,0x28,0xb4,0xf0,0x28,
0xb4,0xf0,0x28,0xb4,0xf0,0x28,0xb4,0xf0,0x28,0xb4,0xf0,0x28,0xb4,0xf0,0x28,0xb4,
0xf0,0x28,0xb4,0xf0,0x28,0xb4,0xf0,0x28,0xb4,0xf0,0x28,0xb4,0xf0,0x2d,0x32,0x14,
0x2d,0x32,0x14,0x2d,0x32,0x14,0x2d,0x32,0x14,0x2d,0x32,0x14,0x2d,0x32,0x14,0x2d,
0x32,0x14,0x2d,0x32,0x14,0x2d,0x32,0x14,0x2d,0x32,0x14,0x2d,0x32,0x14,0x2d,0x32,
0x14,0x2d,0x32,0x14,0x2d,0x32,0x14,0x2d,0x32,0x14,0x2d,0x32,0x14,0x2d,0x32,0x14,
0x2d,0x32,0x14,0x2d,0x32,0x14,0x2d,0x32,0x14,0x2d,0x32,0x14,0x2d,0x32,0x14,0x2d,
0x32,0x14,0x2d,0x32,0x14,0x2d,0x32,0x14,0x2d,0x32,0x14,0x2d,0x32,0x14,0x2d,0x32,
0x14,0x2d,0x32,0x14,0x2d,0x32,0x14,0x2d,0x32,0x14,0x2d,0x32,0x14,0x2d,0x32,0x14,
0x2d,0x32,0x14,0x2d,0x32,0x14,0x2d,0x32,0x14,0x2d,0x32,0x14,0x2d,0x32,0x14,0x2d,
0x32,0x14,0x2d,0x32,0x14,0x2d,0x32,0x14,0x2d,0x32,0x14,0x2d,0x32,0x14,0x2d,0x32,
0x14,0x2d,0x32,0x14,0x2d,0x32,0x14,0x2d,0x32,0x14,0x2d,0x32,0x14,0x2d,0x32,0x14,
0x2d,0x32,0x14,0x2d,0x32,0x14,0x2d,0x32,0x14,0x2d,0x32,0x14,0x2d,0x32,0x14,0x2d,
0x32,0x14,0x2d,0x32,0x14,0x2d,0x32,0x14,0x2d,0x32,0x14,0x2d,0x32,0x14,0x2d,0x32,
0x14,0x2d,0x32,0x14,0x2d,0x32,0x14,0x2d,0x32,0x14,0x2d,0x32,0x14,0x2d,0x32,0x14,
0x2d,0x32,0x14,0x2d,0x32,0x14,0x2d,0x32,0x14,0x2d,0x32,0x14,0x2d,0x32,0x14,0x2d,
0x32,0x14,0x2d,0x32,0x14,0x2d,0x32,0x14,0x2d,0x32,0x14,0x2d,0x32,0x14,0x2d,0x32,
0x14,0x2d,0x32,0x14,0x2d,0x32,0x14,0x2d,0x32,0x14,0x2d,0x32,0x14,0x28,0xb4,0xf0,
0x28,0xb4,0xf0,0x28,0xb4,0xf0,0x28,0xb4,0xf0,0x28,0xb4,0xf0,0x28,0xb4,0xf0,0x28,
0xb4,0xf0,0x28,0xb4,0xf0,0x28,0xb4,0xf0,0x28,0xb4,0xf0,0x28,0xb4,0xf0,0x28,0xb4,
0xf0,0x28,0xb4,0xf0,0x28,0xb4,0xf0,0x28,0xb4,0xf0,0x2d,0x32,0x14,0x2d,0x32,0x14,
0x2d,0x32,0x14,0x2d,0x32,0x14,0x2d,0x32,0x14,0x2d,0x32,0x14,0x2d,0x32,0x14,0x2d,
0x32,0x14,0x2d,0x32,0x14,0x2d,0x32,0x14,0x2d,0x32,0x14,0x2d,0x32,0x14,0x2d,0x32,
0x14,0x2d,0x32,0x14,0x2d,0x32,0x14,0x2d,0x32,0x14,0x2d,0x32,0x14,0x2d,0x32,0x14,
0x2d,0x32,0x14,0x2d,0x32,0x14,0x2c,0x33,0x14,0x2c,0x33,0x14,0x2c,0x33,0x14,0x2c,
0x33,0x14,0x2c,0x33,0x14,0x2c,0x33,0x14,0x2c,0x33,0x14,0x2c,0x33,0x14,0x2c,0x33,
0x14,0x2c,0x33,0x14,0x2c,0x33,0x14,0x2c,0x33,0x14,0x2c,0x33,0x14,0x2c,0x33,0x14,
0x2c,0x33,0x14,0x2c,0x33,0x14,0x2c,0x33,0x14,0x2c,0x33,0x14,0x2c,0x33,0x14,0x2c,
0x33,0x14,0x2c,0x33,0x14,0x2c,0x33,0x14,0x2c,0x33,0x14,0x2c,0x33,0x14,0x2c,0x33,
0x14,0x2c,0x33,0x14,0x2c,0x33,0x14,0x2c,0x33,0x14,0x2c,0x33,0x14,0x2c,0x33,0x14,
0x2c,0x33,0x14,0x2c,0x33,0x14,0x2c,0x33,0x14,0x2c,0x33,0x14,0x2c,0x33,0x14,0x2c,
0x33,0x14,0x2c,0x33,0x14,0x2c,0x33,0x14,0x2c,0x33,0x14,0x2c,0x33,0x14,0x2c,0x33,
0x14,0x2c,0x33,0x14,0x2c,0x33,0x14,0x2c,0x33,0x14,0x2c,0x33,0x14,0x2c,0x33,0x14,
0x2c,0x33,0x14,0x2c,0x33,0x14,0x2c,0x33,0x14,0x2c,0x33,0x14,0x2c,0x33,0x14,0x2c,
0x33,0x14,0x2c,0x33,0x14,0x2c,0x33,0x14,0x2c,0x33,0x14,0x2c,0x33,0x14,0x2c,0x33,
0x14,0x2c,0x33,0x14,0x2c,0x33,0x14,0x2c,0x33,0x14,0x2c,0x33,0x14,0x28,0xb4,0xf0,
0x28,0xb4,0xf0,0x28,0xb4,0xf0,0x28,0xb4,0xf0,0x28,0xb4,0xf0,0x28,0xb4,0xf0,0x28,
0xb4,0xf0,0x28,0xb4,0xf0,0x28,0xb4,0xf0,0x28,0xb4,0xf0,0x28,0xb4,0xf0,0x28,0xb4,
0xf0,0x28,0xb4,0xf0,0x28,0xb4,0xf0,0x28,0xb4,0xf0,0x2c,0x33,0x14,0x2c,0x33,0x14,
0x2c,0x33,0x14,0x2c,0x33,0x14,0x2c,0x33,0x14,0x2c,0x33,0x14,0x2c,0x33,0x14,0x2c,
0x33,0x14,0x2c,0x33,0x14,0x2c,0x33,0x14,0x2c,0x33,0x14,0x2c,0x33,0x14,0x2c,0x33,
0x14,0x2c,0x33,0x14,0x2c,0x33,0x14,0x2c,0x33,0x14,0x2c,0x33,0x14,0x2c,0x33,0x14,
0x2c,0x33,0x14,0x2c,0x33,0x14,0x2c,0x33,0x14,0x2c,0x33,0x14,0x2c,0x33,0x14,0x2c,
0x33,0x14,0x2c,0x33,0x14,0x2c,0x33,0x14,0x2c,0x33,0x14,0x2c,0x33,0x14,0x2c,0x33,
0x14,0x2c,0x33,0x14,0x2c,0x33,0x14,0x2c,0x33,0x14,0x2c,0x33,0x14,0x2c,0x33,0x14,
0x2c,0x33,0x14,0x2c,0x33,0x14,0x2c,0x33,0x14,0x2c,0x33,0x14,0x2c,0x33,0x14,0x2c,
0x33,0x14,0x2c,0x33,0x14,0x2c,0x33,0x14,0x2c,0x33,0x14,0x2c,0x33,0x14,0x2c,0x33,
0x14,0x2c,0x33,0x14,0x2c,0x33,0x14,0x2c,0x33,0x14,0x2c,0x33,0x14,0x2c,0x33,0x14,
0x2c,0x33,0x14,0x2c,0x33,0x14,0x2c,0x33,0x14,0x2c,0x33,0x14,0x2c,0x33,0x14,0x2c,
0x33,0x14,0x2c,0x33,0x14,0x2c,0x33,0x14,0x2c,0x33,0x14,0x2c,0x33,0x14,0x2c,0x33,
0x14,0x2c,0x33,0x14,0x2c,0x33,0x14,0x2c,0x33,0x14,0x2c,0x33,0x14,0x2c,0x33,0x14,
0x2c,0x33,0x14,0x2c,0x33,0x14,0x2c,0x33,0x14,0x2c,0x33,0x14,0x2c,0x33,0x14,0x2c,
0x33,0x14,0x2c,0x33,0x14,0x2c,0x33,0x14,0x2c,0x33,0x14,0x2c,0x33,0x14,0x2c,0x33,
0x14,0x2c,0x33,0x14,0x2c,0x33,0x14,0x2c,0x33,0x14,0x2c,0x33,0x14,0x2c,0x33,0x14,
0x2c,0x33,0x14,0x28,0xb4,0xf0,0x28,0xb4,0xf0,0x28,0xb4,0xf0,0x28,0xb4,0xf0,0x28,
0xb4,0xf0,0x28,0xb4,0xf0,0x28,0xb4,0xf0,0x28,0xb4,0xf0,0x28,0xb4,0xf0,0x28,0xb4,
0xf0,0x28,0xb4,0xf0,0x2c,0x33,0x14,0x2c,0x33,0x14,0x2c,0x33,0x14,0x2c,0x33,0x14,
0x2c,0x33,0x14,0x2c,0x33,0x14,0x2c,0x33,0x14,0x2c,0x33,0x14,0x2c,0x33,0x14,0x2c,
0x33,0x14,0x2c,0x33,0x14,0x2c,0x33,0x14,0x2c,0x33,0x14,0x2c,0x33,0x14,0x2c,0x33,
0x14,0x2c,0x33,0x14,0x2c,0x33,0x14,0x2c,0x33,0x14,0x2c,0x33,0x14,0x2c,0x33,0x14,
0x2c,0x33,0x14,0x2c,0x33,0x14,0x2c,0x33,0x14,0x2c,0x33,0x14,0x2c,0x33,0x14,0x2c,
0x33,0x14,0x2c,0x33,0x14,0x2c,0x33,0x14,0x2c,0x33,0x14,0x2c,0x33,0x14,0x2c,0x33,
0x14,0x2c,0x33,0x14,0x2c,0x33,0x14,0x2c,0x33,0x14,0x2c,0x33,0x14,0x2c,0x33,0x14,
0x2c,0x33,0x14,0x2c,0x33,0x14,0x2c,0x33,0x14,0x2c,0x33,0x14,0x2c,0x33,0x14,0x2c,
0x33,0x14,0x2c,0x33,0x14,0x2c,0x33,0x14,0x2c,0x33,0x14,0x2c,0x33,0x14,0x2c,0x33,
0x14,0x2c,0x33,0x14,0x2c,0x33,0x14,0x2c,0x33,0x14,0x2c,0x33,0x14,0x2c,0x33,0x14,
0x2c,0x33,0x14,0x2c,0x33,0x14,0x2c,0x33,0x14,0x2c,0x33,0x14,0x2c,0x33,0x14,0x2c,
0x33,0x14,0x2c,0x33,0x14,0x2c,0x33,0x14,0x2c,0x33,0x14,0x2c,0x33,0x14,0x2c,0x33,
0x14,0x2c,0x33,0x14,0x2c,0x33,0x14,0x2c,0x33,0x14,0x2c,0x33,0x14,0x2c,0x33,0x14,
0x2c,0x33,0x14,0x2c,0x33,0x14,0x2c,0x33,0x14,0x2c,0x33,0x14,0x2c,0x33,0x14,0x2c,
0x33,0x14,0x2c,0x33,0x14,0x2c,0x33,0x14,0x2c,0x33,0x14,0x2c,0x33,0x14,0x2c,0x33,
0x14,0x2c,0x33,0x14,0x2c,0x33,0x14,0x2c,0x33,0x14,0x2c,0x33,0x14,0x2c,0x33,0x14,
0x2c,0x33,0x14,0x2c,0x33,0x14,0x28,0xb4,0xf0,0x28,0xb4,0xf0,0x28,0xb4,0xf0,0x28,
0xb4,0xf0,0x28,0xb4,0xf0,0x28,0xb4,0xf0,0x28,0xb4,0xf0,0x28,0xb4,0xf0,0x28,0xb4,
0xf0,0x2c,0x33,0x14,0x2c,0x33,0x14,0x2c,0x33,0x14,0x2c,0x33,0x14,0x2c,0x33,0x14,
0x2c,0x33,0x14,0x2c,0x33,0x14,0x2c,0x33,0x14,0x2c,0x33,0x14,0x2c,0x33,0x14,0x2c,
0x33,0x14,0x2c,0x33,0x14,0x2c,0x33,0x14,0x2c,0x33,0x14,0x2c,0x33,0x14,0x2c,0x33,
0x14,0x2c,0x33,0x14,0x2c,0x33,0x14,0x2c,0x33,0x14,0x2c,0x33,0x14,0x2c,0x33,0x14,
0x2c,0x33,0x14,0x2c,0x33,0x14,0x2b,0x33,0x14,0x2b,0x33,0x14,0x2b,0x33,0x14,0x2b,
0x33,0x14,0x2b,0x33,0x14,0x2b,0x33,0x14,0x2b,0x33,0x14,0x2b,0x33,0x14,0x2b,0x33,
0x14,0x2b,0x33,0x14,0x2b,0x33,0x14,0x2b,0x33,0x14,0x2b,0x33,0x14,0x2b,0x33,0x14,
0x2b,0x33,0x14,0x2b,0x33,0x14,0x2b,0x33,0x14,0x2b,0x33,0x14,0x2b,0x33,0x14,0x2b,
0x33,0x14,0x2b,0x33,0x14,0x2b,0x33,0x14,0x2b,0x33,0x14,0x2b,0x33,0x14,0x2b,0x33,
0x14,0x2b,0x33,0x14,0x2b,0x33,0x14,0x2b,0x33,0x14,0x2b,0x33,0x14,0x2b,0x33,0x14,
0x2b,0x33,0x14,0x2b,0x33,0x14,0x2b,0x33,0x14,0x2b,0x33,0x14,0x2b,0x33,0x14,0x2b,
0x33,0x14,0x2b,0x33,0x14,0x2b,0x33,0x14,0x2b,0x33,0x14,0x2b,0x33,0x14,0x2b,0x33,
0x14,0x2b,0x33,0x14,0x2b,0x33,0x14,0x2b,0x33,0x14,0x2b,0x33,0x14,0x2b,0x33,0x14,
0x2b,0x33,0x14,0x2b,0x33,0x14,0x2b,0x33,0x14,0x2b,0x33,0x14,0x2b,0x33,0x14,0x2b,
0x33,0x14,0x2b,0x33,0x14,0x2b,0x33,0x14,0x2b,0x33,0x14,0x2b,0x33,0x14,0x2b,0x33,
0x14,0x2b,0x33,0x14,0x2b,0x33,0x14,0x2b,0x33,0x14,0x2b,0x33,0x14,0x2b,0x33,0x14,
0x2b,0x33,0x14,0x2b,0x33,0x14,0x2b,0x33,0x14,0x2b,0x33,0x14,0x2b,0x33,0x14,0x2b,
0x33,0x14,0x2b,0x33,0x14,0x2b,0x33,0x14,0x2b,0x33,0x14,0x2b,0x33,0x14,0x2b,0x33,
0x14,0x2b,0x33,0x14,0x2b,0x33,0x14,0x2b,0x33,0x14,0x2b,0x33,0x14,0x2b,0x33,0x14,
0x2b,0x33,0x14,0x2b,0x33,0x14,0x2b,0x33,0x14,0x2b,0x33,0x14,0x2b,0x33,0x14,0x2b,
0x33,0x14,0x2b,0x33,0x14,0x2b,0x33,0x14,0x2b,0x33,0x14,0x2b,0x33,0x14,0x2b,0x33,
0x14,0x2b,0x33,0x14,0x2b,0x33,0x14,0x2b,0x33,0x14,0x2b,0x33,0x14,0x2b,0x33,0x14,
0x2b,0x33,0x14,0x2b,0x33,0x14,0x2b,0x34,0x14,0x2b,0x34,0x14,0x2b,0x34,0x14,0x2b,
0x34,0x14,0x2b,0x34,0x14,0x2b,0x34,0x14,0x2b,0x34,0x14,0x2b,0x34,0x14,0x2b,0x34,
0x14,0x2b,0x34,0x14,0x2b,0x34,0x14,0x2b,0x34,0x14,0x2b,0x34,0x14,0x2b,0x34,0x14,
0x2b,0x34,0x14,0x2b,0x34,0x14,0x2b,0x34,0x14,0x2b,0x34,0x14,0x2b,0x34,0x14,0x2b,
0x34,0x14,0x2b,0x34,0x14,0x2b,0x34,0x14,0x2b,0x34,0x14,0x2b,0x34,0x14,0x2b,0x34,
0x14,0x2b,0x34,0x14,0x2b,0x34,0x14,0x2b,0x34,0x14,0x2b,0x34,0x14,0x2b,0x34,0x14,
0x2b,0x34,0x14,0x2b,0x34,0x14,0x2b,0x34,0x14,0x2b,0x34,0x14,0x2b,0x34,0x14,0x2b,
0x34,0x14,0x2b,0x34,0x14,0x2b,0x34,0x14,0x2b,0x34,0x14,0x2b,0x34,0x14,0x2b,0x34,
0x14,0x2b,0x34,0x14,0x2b,0x34,0x14,0x2b,0x34,0x14,0x2b,0x34,0x14,0x2b,0x34,0x14,
0x2b,0x34,0x14,0x2b,0x34,0x14,0x2b,0x34,0x14,0x2b,0x34,0x14,0x2b,0x34,0x14,0x2b,
0x34,0x14,0x2b,0x34,0x14,0x2b,0x34,0x14,0x2b,0x34,0x14,0x2b,0x34,0x14,0x2b,0x34,
0x14,0x2b,0x34,0x14,0x2b,0x34,0x14,0x2b,0x34,0x14,0x2b,0x34,0x14,0x2b,0x34,0x14,
0x2b,0x34,0x14,0x2b,0x34,0x14,0x2b,0x34,0x14,0x2b,0x34,0x14,0x2b,0x34,0x14,0x2b,
0x34,0x14,0x2b,0x34,0x14,0x2b,0x34,0x14,0x2b,0x34,0x14,0x2b,0x34,0x14,0x2b,0x34,
0x14,0x2b,0x34,0x14,0x2b,0x34,0x14,0x2b,0x34,0x14,0x2b,0x34,0x14,0x2b,0x34,0x14,
0x2b,0x34,0x14,0x2b,0x34,0x14,0x2b,0x34,0x14,0x2b,0x34,0x14,0x2b,0x34,0x14,0x2b,
0x34,0x14,0x2b,0x34,0x14,0x2b,0x34,0x14,0x2b,0x34,0x14,0x2b,0x34,0x14,0x2b,0x34,
0x14,0x2b,0x34,0x14,0x2b,0x34,0x14,0x2b,0x34,0x14,0x2b,0x34,0x14,0x2b,0x34,0x14,
0x2b,0x34,0x14,0x2b,0x34,0x14,0x2b,0x34,0x14,0x2b,0x34,0x14,0x2b,0x34,0x14,0x2b,
0x34,0x14,0x2b,0x34,0x14,0x2b,0x34,0x14,0x2b,0x34,0x14,0x2b,0x34,0x14,0x2b,0x34,
0x14,0x2b,0x34,0x14,0x2b,0x34,0x14,0x2b,0x34,0x14,0x2b,0x34,0x14,0x2b,0x34,0x14,
0x2b,0x34,0x14,0x2b,0x34,0x14,0x2b,0x34,0x14,0x2b,0x34,0x14,0x2b,0x34,0x14,0x2b,
0x34,0x14,0x2b,0x34,0x14,0x2b,0x34,0x14,0x2b,0x34,0x14,0x2b,0x34,0x14,0x2b,0x34,
0x14,0x2b,0x34,0x14,0x2b,0x34,0x14,0x2b,0x34,0x14,0x2b,0x34,0x14,0x2b,0x34,0x14,
0x2b,0x34,0x14,0x2b,0x34,0x14,0x2b,0x34,0x14,0x2b,0x34,0x14,0x2b,0x34,0x14,0x2b,
0x34,0x14,0x2b,0x34,0x14,0x2b,0x34,0x14,0x2b,0x34,0x14,0x2b,0x34,0x14,0x2b,0x34,
0x14,0x2b,0x34,0x14,0x2b,0x34,0x14,0x2b,0x34,0x14,0x2b,0x34,0x14,0x2b,0x34,0x14,
0x2b,0x34,0x14,0x2b,0x34,0x14,0x2b,0x34,0x14,0x2b,0x34,0x14,0x2b,0x34,0x14,0x2b,
0x34,0x14,0x2b,0x34,0x14,0x2b,0x34,0x14,0x2b,0x34,0x14,0x2b,0x34,0x14,0x2b,0x34,
0x14,0x2b,0x34,0x14,0x2b,0x34,0x14,0x2b,0x34,0x14,0x2b,0x34,0x14,0x2b,0x34,0x14,
0x2b,0x34,0x14,0x2b,0x34,0x14,0x2b,0x34,0x14,0x2b,0x34,0x14,0x2b,0x34,0x14,0x2b,
0x34,0x14,0x2b,0x34,0x14,0x2b,0x34,0x14,0x2b,0x34,0x14,0x2b,0x34,0x14,0x2b,0x34,
0x14,0x2b,0x34,0x14,0x2b,0x34,0x14,0x2b,0x34,0x14,0x2b,0x34,0x14,0x2b,0x34,0x14,
0x2b,0x34,0x14,0x2b,0x34,0x14,0x2b,0x34,0x14,0x2b,0x34,0x14,0x2b,0x34,0x14,0x2b,
0x34,0x14,0x2b,0x34,0x14,0x2b,0x34,0x14,0x2b,0x34,0x14,0x2b,0x34,0x14,0x2b,0x34,
0x14,0x2b,0x34,0x14,0x2b,0x34,0x14,0x2b,0x34,0x14,0x2b,0x34,0x14,0x2b,0x34,0x14,
0x2b,0x34,0x14,0x2b,0x34,0x14,0x2a,0x34,0x14,0x2a,0x34,0x14,0x2a,0x34,0x14,0x2a,
0x34,0x14,0x2a,0x34,0x14,0x2a,0x34,0x14,0x2a,0x34,0x14,0x2a,0x34,0x14,0x2a,0x34,
0x14,0x2a,0x34,0x14,0x2a,0x34,0x14,0x2a,0x34,0x14,0x2a,0x34,0x14,0x2a,0x34,0x14,
0x2a,0x34,0x14,0x2a,0x34,0x14,0x2a,0x34,0x14,0x2a,0x34,0x14,0x2a,0x34,0x14,0x2a,
0x34,0x14,0x2a,0x34,0x14,0x2a,0x34,0x14,0x2a,0x34,0x14,0x2a,0x34,0x14,0x2a,0x34,
0x14,0x2a,0x34,0x14,0x2a,0x34,0x14,0x2a,0x34,0x14,0x2a,0x34,0x14,0x2a,0x34,0x14,
0x2a,0x34,0x14,0x2a,0x34,0x14,0x2a,0x34,0x14,0x2a,0x34,0x14,0x2a,0x34,0x14,0x2a,
0x34,0x14,0x2a,0x34,0x14,0x2a,0x34,0x14,0x2a,0x34,0x14,0x2a,0x34,0x14,0x2a,0x34,
0x14,0x2a,0x34,0x14,0x2a,0x34,0x14,0x2a,0x34,0x14,0x2a,0x34,0x14,0x2a,0x34,0x14,
0x2a,0x34,0x14,0x2a,0x34,0x14,0x2a,0x34,0x14,0x2a,0x34,0x14,0x2a,0x34,0x14,0x2a,
0x34,0x14,0x2a,0x34,0x14,0x2a,0x34,0x14,0x2a,0x34,0x14,0x2a,0x34,0x14,0x2a,0x34,
0x14,0x2a,0x34,0x14,0x2a,0x34,0x14,0x2a,0x34,0x14,0x2a,0x34,0x14,0x2a,0x34,0x14,
0x2a,0x34,0x14,0x2a,0x34,0x14,0x2a,0x34,0x14,0x2a,0x34,0x14,0x2a,0x34,0x14,0x2a,
0x34,0x14,0x2a,0x34,0x14,0x2a,0x34,0x14,0x2a,0x34,0x14,0x2a,0x34,0x14,0x2a,0x34,
0x14,0x2a,0x34,0x14,0x2a,0x34,0x14,0x2a,0x34,0x14,0x2a,0x34,0x14,0x2a,0x34,0x14,
0x2a,0x34,0x14,0x2a,0x34,0x14,0x2a,0x34,0x14,0x2a,0x34,0x14,0x2a,0x34,0x14,0x2a,
0x34,0x14,0x2a,0x34,0x14,0x2a,0x34,0x14,0x2a,0x34,0x14,0x2a,0x34,0x14,0x2a,0x34,
0x14,0x2a,0x34,0x14,0x2a,0x34,0x14,0x2a,0x34,0x14,0x2a,0x34,0x14,0x2a,0x34,0x14,
0x2a,0x34,0x14,0x2a,0x34,0x14,0x2a,0x34,0x14,0x2a,0x34,0x14,0x2a,0x34,0x14,0x2a,
0x34,0x14,0x2a,0x34,0x14,0x2a,0x34,0x14,0x2a,0x34,0x14,0x2a,0x34,0x14,0x2a,0x34,
0x14,0x2a,0x34,0x14,0x2a,0x34,0x14,0x2a,0x34,0x14,0x2a,0x34,0x14,0x2a,0x34,0x14,
0x2a,0x34,0x14,0x2a,0x34,0x14,0x2a,0x34,0x14,0x2a,0x34,0x14,0x2a,0x34,0x14,0x2a,
0x34,0x14,0x2a,0x34,0x14,0x2a,0x34,0x14,0x2a,0x34,0x14,0x2a,0x34,0x14,0x2a,0x34,
0x14,0x2a,0x34,0x14,0x2a,0x34,0x14,0x2a,0x34,0x14,0x2a,0x34,0x14,0x2a,0x34,0x14,
0x2a,0x34,0x14,0x2a,0x34,0x14,0x2a,0x34,0x14,0x2a,0x34,0x14,0x2a,0x34,0x14,0x2a,
0x34,0x14,0x2a,0x34,0x14,0x2a,0x34,0x14,0x2a,0x34,0x14,0x2a,0x34,0x14,0x2a,0x34,
0x14,0x2a,0x34,0x14,0x2a,0x34,0x14,0x2a,0x34,0x14,0x2a,0x34,0x14,0x2a,0x34,0x14,
0x2a,0x34,0x14,0x2a,0x34,0x14,0x2a,0x34,0x14,0x2a,0x34,0x14,0x2a,0x34,0x14,0x2a,
0x34,0x14,0x2a,0x34,0x14,0x2a,0x34,0x14,0x2a,0x34,0x14,0x2a,0x34,0x14,0x2a,0x34,
0x14,0x2a,0x34,0x14,0x2a,0x34,0x14,0x2a,0x34,0x14,0x2a,0x34,0x14,0x2a,0x34,0x14,
0x2a,0x34,0x14,0x2a,0x34,0x14,0x2a,0x34,0x14,0x2a,0x34,0x14,0x2a,0x34,0x14,0x2a,
0x34,0x14,0x2a,0x34,0x14,0x2a,0x34,0x14,0x2a,0x34,0x14,0x2a,0x34,0x14,0x2a,0x34,
0x14,0x2a,0x34,0x14,0x2a,0x34,0x14,0x2a,0x34,0x14,0x2a,0x34,0x14,0x2a,0x34,0x14,
0x2a,0x34,0x14,0x2a,0x34,0x14,0x2a,0x34,0x14,0x2a,0x34,0x14,0x2a,0x34,0x14,0x2a,
0x34,0x14,0x2a,0x34,0x14,0x2a,0x34,0x14,0x2a,0x34,0x14,0x2a,0x34,0x14,0x2a,0x34,
0x14,0x2a,0x34,0x14,0x2a,0x34,0x14,0x2a,0x34,0x14,0x2a,0x34,0x14,0x2a,0x34,0x14,
0x2a,0x34,0x14,0x2a,0x34,0x14,0x2a,0x34,0x14,0x2a,0x34,0x14,0x2a,0x34,0x14,0x2a,
0x34,0x14,0x2a,0x34,0x14,0x2a,0x34,0x14,0x2a,0x34,0x14,0x2a,0x34,0x14,0x2a,0x34,
0x14,0x2a,0x34,0x14,0x2a,0x34,0x14,0x2a,0x34,0x14,0x2a,0x34,0x14,0x2a,0x34,0x14,
0x2a,0x34,0x14,0x2a,0x34,0x14,0x2a,0x34,0x14,0x2a,0x34,0x14,0x2a,0x34,0x14,0x2a,
0x34,0x14,0x2a,0x34,0x14,0x2a,0x34,0x14,0x2a,0x34,0x14,0x2a,0x34,0x14,0x2a,0x34,
0x14,0x2a,0x34,0x14,0x2a,0x34,0x14,0x2a,0x34,0x14,0x2a,0x34,0x14,0x2a,0x34,0x14,
0x2a,0x34,0x14,0x2a,0x34,0x14,0x2a,0x34,0x14,0x2a,0x34,0x14,0x2a,0x34,0x14,0x2a,
0x34,0x14,0x2a,0x34,0x14,0x2a,0x34,0x14,0x2a,0x34,0x14,0x2a,0x34,0x14,0x2a,0x34,
0x14,0x2a,0x34,0x14,0x2a,0x34,0x14,0x2a,0x34,0x14,0x2a,0x34,0x14,0x2a,0x34,0x14,
0x2a,0x34,0x14,0x2a,0x34,0x14,0x2a,0x34,0x14,0x2a,0x34,0x14,0x2a,0x34,0x14,0x2a,
0x34,0x14,0x2a,0x34,0x14,0x2a,0x34,0x14,0x2a,0x34,0x14,0x2a,0x34,0x14,0x2a,0x34,
0x14,0x2a,0x34,0x14,0x2a,0x34,0x14,0x2a,0x34,0x14,0x2a,0x34,0x14,0x2a,0x34,0x14,
0x2a,0x34,0x14,0x2a,0x34,0x14,0x2a,0x34,0x14,0x2a,0x34,0x14,0x2a,0x34,0x14,0x2a,
0x34,0x14,0x2a,0x34,0x14,0x2a,0x34,0x14,0x2a,0x34,0x14,0x2a,0x34,0x14,0x2a,0x34,
0x14,0x2a,0x34,0x14,0x2a,0x34,0x14,0x2a,0x34,0x14,0x2a,0x34,0x14,0x2a,0x34,0x14,
0x2a,0x34,0x14,0x2a,0x34,0x14,0x2a,0x34,0x14,0x2a,0x34,0x14,0x2a,0x34,0x14,0x2a,
0x34,0x14,0x2a,0x34,0x14,0x2a,0x34,0x14,0x2a,0x34,0x14,0x2a,0x34,0x14,0x2a,0x34,
0x14,0x2a,0x34,0x14,0x2a,0x34,0x14,0x2a,0x34,0x14,0x2a,0x34,0x14,0x2a,0x34,0x14,
0x2a,0x34,0x14,0x2a,0x34,0x14,0x29,0x34,0x14,0x29,0x34,0x14,0x29,0x34,0x14,0x29,
0x34,0x14,0x29,0x34,0x14,0x29,0x34,0x14,0x29,0x34,0x14,0x29,0x34,0x14,0x29,0x34,
0x14,0x29,0x34,0x14,0x29,0x34,0x14,0x29,0x34,0x14,0x29,0x34,0x14,0x29,0x34,0x14,
0x29,0x34,0x14,0x29,0x34,0x14,0x29,0x34,0x14,0x29,0x34,0x14,0x29,0x34,0x14,0x29,
0x34,0x14,0x29,0x34,0x14,0x29,0x34,0x14,0x29,0x34,0x14,0x29,0x34,0x14,0x29,0x34,
0x14,0x29,0x34,0x14,0x29,0x34,0x14,0x29,0x34,0x14,0x29,0x34,0x14,0x29,0x34,0x14,
0x29,0x34,0x14,0x29,0x34,0x14,0x29,0x34,0x14,0x29,0x34,0x14,0x29,0x34,0x14,0x29,
0x34,0x14,0x29,0x34,0x14,0x29,0x34,0x14,0x29,0x34,0x14,0x29,0x34,0x14,0x29,0x34,
0x14,0x29,0x34,0x14,0x29,0x34,0x14,0x29,0x34,0x14,0x29,0x34,0x14,0x29,0x34,0x14,
0x29,0x34,0x14,0x29,0x34,0x14,0x29,0x34,0x14,0x29,0x34,0x14,0x29,0x34,0x14,0x29,
0x34,0x14,0x29,0x34,0x14,0x29,0x34,0x14,0x29,0x34,0x14,0x29,0x34,0x14,0x29,0x34,
0x14,0x29,0x34,0x14,0x29,0x34,0x14,0x29,0x34,0x14,0x29,0x34,0x14,0x29,0x34,0x14,
0x29,0x34,0x14,0x29,0x34,0x14,0x29,0x34,0x14,0x29,0x34,0x14,0x29,0x34,0x14,0x29,
0x34,0x14,0x29,0x34,0x14,0x29,0x34,0x14,0x29,0x34,0x14,0x29,0x34,0x14,0x29,0x34,
0x14,0x29,0x34,0x14,0x29,0x34,0x14,0x29,0x34,0x14,0x29,0x34,0x14,0x29,0x34,0x14,
0x29,0x34,0x14,0x29,0x34,0x14,0x29,0x34,0x14,0x29,0x34,0x14,0x29,0x34,0x14,0x29,
0x34,0x14,0x29,0x34,0x14,0x29,0x34,0x14,0x29,0x34,0x14,0x29,0x34,0x14,0x29,0x34,
0x14,0x29,0x34,0x14,0x29,0x34,0x14,0x29,0x34,0x14,0x29,0x34,0x14,0x29,0x34,0x14,
0x29,0x34,0x14,0x29,0x34,0x14,0x29,0x35,0x14,0x29,0x35,0x14,0x29,0x35,0x14,0x29,
0x35,0x14,0x29,0x35,0x14,0x29,0x35,0x14,0x29,0x35,0x14,0x29,0x35,0x14,0x29,0x35,
0x14,0x29,0x35,0x14,0x29,0x35,0x14,0x29,0x35,0x14,0x29,0x35,0x14,0x29,0x35,0x14,
0x29,0x35,0x14,0x29,0x35,0x14,0x29,0x35,0x14,0x29,0x35,0x14,0x29,0x35,0x14,0x29,
0x35,0x14,0x29,0x35,0x14,0x29,0x35,0x14,0x29,0x35,0x14,0x29,0x35,0x14,0x29,0x35,
0x14,0x29,0x35,0x14,0x29,0x35,0x14,0x29,0x35,0x14,0x29,0x35,0x14,0x29,0x35,0x14,
0x29,0x35,0x14,0x29,0x35,0x14,0x29,0x35,0x14,0x29,0x35,0x14,0x29,0x35,0x14,0x29,
0x35,0x14,0x29,0x35,0x14,0x29,0x35,0x14,0x29,0x35,0x14,0x29,0x35,0x14,0x29,0x35,
0x14,0x29,0x35,0x14,0x29,0x35,0x14,0x29,0x35,0x14,0x29,0x35,0x14,0x29,0x35,0x14,
0x29,0x35,0x14,0x29,0x35,0x14,0x29,0x35,0x14,0x29,0x35,0x14,0x29,0x35,0x14,0x29,
0x35,0x14,0x29,0x35,0x14,0x29,0x35,0x14,0x29,0x35,0x14,0x29,0x35,0x14,0x29,0x35,
0x14,0x29,0x35,0x14,0x29,0x35,0x14,0x29,0x35,0x14,0x29,0x35,0x14,0x29,0x35,0x14,
0x29,0x35,0x14,0x29,0x35,0x14,0x29,0x35,0x14,0x29,0x35,0x14,0x29,0x35,0x14,0x29,
0x35,0x14,0x29,0x35,0x14,0x29,0x35,0x14,0x29,0x35,0x14,0x29,0x35,0x14,0x29,0x35,
0x14,0x29,0x35,0x14,0x29,0x35,0x14,0x29,0x35,0x14,0x29,0x35,0x14,0x29,0x35,0x14,
0x29,0x35,0x14,0x29,0x35,0x14,0x29,0x35,0x14,0x29,0x35,0x14,0x29,0x35,0x14,0x29,
0x35,0x14,0x29,0x35,0x14,0x29,0x35,0x14,0x29,0x35,0x14,0x29,0x35,0x14,0x29,0x35,
0x14,0x29,0x35,0x14,0x29,0x35,0x14,0x29,0x35,0x14,0x29,0x35,0x14,0x29,0x35,0x14,
0x29,0x35,0x14,0x29,0x35,0x14,0x29,0x35,0x14,0x29,0x35,0x14,0x29,0x35,0x14,0x29,
0x35,0x14,0x29,0x35,0x14,0x29,0x35,0x14,0x29,0x35,0x14,0x29,0x35,0x14,0x29,0x35,
0x14,0x29,0x35,0x14,0x29,0x35,0x14,0x29,0x35,0x14,0x29,0x35,0x14,0x29,0x35,0x14,
0x29,0x35,0x14,0x29,0x35,0x14,0x29,0x35,0x14,0x29,0x35,0x14,0x29,0x35,0x14,0x29,
0x35,0x14,0x29,0x35,0x14,0x29,0x35,0x14,0x29,0x35,0x14,0x29,0x35,0x14,0x29,0x35,
0x14,0x29,0x35,0x14,0x29,0x35,0x14,0x29,0x35,0x14,0x29,0x35,0x14,0x29,0x35,0x14,
0x29,0x35,0x14,0x29,0x35,0x14,0x29,0x35,0x14,0x29,0x35,0x14,0x29,0x35,0x14,0x29,
0x35,0x14,0x29,0x35,0x14,0x29,0x35,0x14,0x29,0x35,0x14,0x29,0x35,0x14,0x29,0x35,
0x14,0x29,0x35,0x14,0x29,0x35,0x14,0x29,0x35,0x14,0x29,0x35,0x14,0x29,0x35,0x14,
0x29,0x35,0x14,0x29,0x35,0x14,0x29,0x35,0x14,0x29,0x35,0x14,0x29,0x35,0x14,0x29,
0x35,0x14,0x29,0x35,0x14,0x29,0x35,0x14,0x29,0x35,0x14,0x29,0x35,0x14,0x29,0x35,
0x14,0x29,0x35,0x14,0x29,0x35,0x14,0x29,0x35,0x14,0x29,0x35,0x14,0x29,0x35,0x14,
0x29,0x35,0x14,0x29,0x35,0x14,0x29,0x35,0x14,0x29,0x35,0x14,0x29,0x35,0x14,0x29,
0x35,0x14,0x29,0x35,0x14,0x29,0x35,0x14,0x29,0x35,0x14,0x29,0x35,0x14,0x29,0x35,
0x14,0x29,0x35,0x14,0x29,0x35,0x14,0x29,0x35,0x14,0x29,0x35,0x14,0x29,0x35,0x14,
0x29,0x35,0x14,0x29,0x35,0x14,0x29,0x35,0x14,0x29,0x35,0x14,0x29,0x35,0x14,0x29,
0x35,0x14,0x29,0x35,0x14,0x29,0x35,0x14,0x29,0x35,0x14,0x29,0x35,0x14,0x29,0x35,
0x14,0x29,0x35,0x14,0x29,0x35,0x14,0x29,0x35,0x14,0x29,0x35,0x14,0x29,0x35,0x14,
0x29,0x35,0x14,0x29,0x35,0x14,0x28,0x35,0x14,0x28,0x35,0x14,0x28,0x35,0x14,0x28,
0x35,0x14,0x28,0x35,0x14,0x28,0x35,0x14,0x28,0x35,0x14,0x28,0x35,0x14,0x28,0x35,
0x14,0x28,0x35,0x14,0x28,0x35,0x14,0x28,0x35,0x14,0x28,0x35,0x14,0x28,0x35,0x14,
0x28,0x35,0x14,0x28,0x35,0x14,0x28,0x35,0x14,0x28,0x35,0x14,0x28,0x35,0x14,0x28,
0x35,0x14,0x28,0x35,0x14,0x28,0x35,0x14,0x28,0x35,0x14,0x28,0x35,0x14,0x28,0x35,
0x14,0x28,0x35,0x14,0x28,0x35,0x14,0x28,0x35,0x14,0x28,0x35,0x14,0x28,0x35,0x14,
0x28,0x35,0x14,0x28,0x35,0x14,0x28,0x35,0x14,0x28,0x35,0x14,0x28,0x35,0x14,0x28,
0x35,0x14,0x28,0x35,0x14,0x28,0x35,0x14,0x28,0x35,0x14,0x28,0x35,0x14,0x28,0x35,
0x14,0x28,0x35,0x14,0x28,0x35,0x14,0x28,0x35,0x14,0x28,0x35,0x14,0x28,0x35,0x14,
0x28,0x35,0x14,0x28,0x35,0x14,0x28,0x35,0x14,0x28,0x35,0x14,0x28,0x35,0x14,0x28,
0x35,0x14,0x28,0x35,0x14,0x28,0x35,0x14,0x28,0x35,0x14,0x28,0x35,0x14,0x28,0x35,
0x14,0x28,0x35,0x14,0x28,0x35,0x14,0x28,0x35,0x14,0x28,0x35,0x14,0x28,0x35,0x14,
0x28,0x35,0x14,0x28,0x35,0x14,0x28,0x35,0x14,0x28,0x35,0x14,0x28,0x35,0x14,0x28,
0x35,0x14,0x28,0x35,0x14,0x28,0x35,0x14,0x28,0x35,0x14,0x28,0x35,0x14,0x28,0x35,
0x14,0x28,0x35,0x14,0x28,0x35,0x14,0x28,0x35,0x14,0x28,0x35,0x14,0x28,0x35,0x14,
0x28,0x35,0x14,0x28,0x35,0x14,0x28,0x35,0x14,0x28,0x35,0x14,0x28,0x35,0x14,0x28,
0x35,0x14,0x28,0x35,0x14,0x28,0x35,0x14,0x28,0x35,0x14,0x28,0x35,0x14,0x28,0x35,
0x14,0x28,0x35,0x14,0x28,0x35,0x14,0x28,0x35,0x14,0x28,0x35,0x14,0x28,0x35,0x14,
0x28,0x35,0x14,0x28,0x35,0x14,0x28,0x35,0x14,0x28,0x35,0x14,0x28,0x35,0x14,0x28,
0x35,0x14,0x28,0x35,0x14,0x28,0x35,0x14,0x28,0x35,0x14,0x28,0x35,0x14,0x28,0x35,
0x14,0x28,0x35,0x14,0x28,0x35,0x14,0x28,0x35,0x14,0x28,0x35,0x14,0x28,0x35,0x14,
0x28,0x35,0x14,0x28,0x35,0x14,0x28,0x35,0x14,0x28,0x35,0x14,0x28,0x35,0x14,0x28,
0x35,0x14,0x28,0x35,0x14,0x28,0x35,0x14,0x28,0x35,0x14,0x28,0x35,0x14,0x28,0x35,
0x14,0x28,0x35,0x14,0x28,0x35,0x14,0x28,0x35,0x14,0x28,0x35,0x14,0x28,0x35,0x14,
0x28,0x35,0x14,0x28,0x35,0x14,0x28,0x35,0x14,0x28,0x35,0x14,0x28,0x35,0x14,0x28,
0x35,0x14,0x28,0x35,0x14,0x28,0x35,0x14,0x28,0x35,0x14,0x28,0x35,0x14,0x28,0x35,
0x14,0x28,0x35,0x14,0x28,0x35,0x14,0x28,0x35,0x14,0x28,0x35,0x14,0x28,0x35,0x14,
0x28,0x35,0x14,0x28,0x35,0x14,0x28,0x35,0x14,0x28,0x35,0x14,0x28,0x35,0x14,0x28,
0x35,0x14,0x28,0x35,0x14,0x28,0x35,0x14,0x28,0x35,0x14,0x28,0x35,0x14,0x28,0x35,
0x14,0x28,0x35,0x14,0x28,0x35,0x14,0x28,0x35,0x14,0x28,0x35,0x14,0x28,0x35,0x14,
0x28,0x35,0x14,0x28,0x35,0x14,0x28,0x35,0x14,0x28,0x35,0x14,0x28,0x35,0x14,0x28,
0x35,0x14,0x28,0x35,0x14,0x28,0x35,0x14,0x28,0x35,0x14,0x28,0x35,0x14,0x28,0x35,
0x14,0x28,0x35,0x14,0x28,0x35,0x14,0x28,0x35,0x14,0x28,0x35,0x14,0x28,0x35,0x14,
0x28,0x35,0x14,0x28,0x35,0x14,0x28,0x35,0x14,0x28,0x35,0x14,0x28,0x35,0x14,0x28,
0x35,0x14,0x28,0x35,0x14,0x28,0x35,0x14,0x28,0x35,0x14,0x28,0x35,0x14,0x28,0x35,
0x14,0x28,0x35,0x14,0x28,0x35,0x14,0x28,0x35,0x14,0x28,0x35,0x14,0x28,0x35,0x14,
0x28,0x35,0x14,0x28,0x35,0x14,0x28,0x35,0x14,0x28,0x35,0x14,0x28,0x35,0x14,0x28,
0x35,0x14,0x28,0x35,0x14,0x28,0x35,0x14,0x28,0x35,0x14,0x28,0x35,0x14,0x28,0x35,
0x14,0x28,0x35,0x14,0x28,0x35,0x14,0x28,0x35,0x14,0x28,0x35,0x14,0x28,0x35,0x14,
0x28,0x35,0x14,0x28,0x35,0x14,0x28,0x35,0x14,0x28,0x35,0x14,0x28,0x35,0x14,0x28,
0x35,0x14,0x28,0x35,0x14,0x28,0x35,0x14,0x28,0x35,0x14,0x28,0x35,0x14,0x28,0x35,
0x14,0x28,0x35,0x14,0x28,0x35,0x14,0x28,0x35,0x14,0x28,0x35,0x14,0x28,0x35,0x14,
0x28,0x35,0x14,0x28,0x35,0x14,0x28,0x35,0x14,0x28,0x35,0x14,0x28,0x35,0x14,0x28,
0x35,0x14,0x28,0x35,0x14,0x28,0x35,0x14,0x28,0x35,0x14,0x28,0x35,0x14,0x28,0x35,
0x14,0x28,0x35,0x14,0x28,0x35,0x14,0x28,0x35,0x14,0x28,0x35,0x14,0x28,0x35,0x14,
0x28,0x35,0x14,0x28,0x35,0x14,0x28,0x35,0x14,0x28,0x35,0x14,0x28,0x35,0x14,0x28,
0x35,0x14,0x28,0x35,0x14,0x28,0x35,0x14,0x28,0x35,0x14,0x28,0x35,0x14,0x28,0x35,
0x14,0x28,0x35,0x14,0x28,0x35,0x14,0x28,0x35,0x14,0x28,0x35,0x14,0x28,0x35,0x14,
0x28,0x35,0x14,0x28,0x35,0x14,0x28,0x35,0x14,0x28,0x35,0x14,0x28,0x35,0x14,0x28,
0x35,0x14,0x28,0x35,0x14,0x28,0x35,0x14,0x28,0x35,0x14,0x28,0x35,0x14,0x28,0x35,
0x14,0x28,0x35,0x14,0x28,0x35,0x14,0x28,0x35,0x14,0x28,0x35,0x14,0x28,0x35,0x14,
0x28,0x35,0x14,0x28,0x35,0x14,0x28,0x35,0x14,0x28,0x35,0x14,0x28,0x35,0x14,0x28,
0x35,0x14,0x28,0x35,0x14,0x28,0x35,0x14,0x28,0x35,0x14,0x28,0x35,0x14,0x28,0x35,
0x14,0x28,0x35,0x14,0x28,0x35,0x14,0x28,0x35,0x14,0x28,0x35,0x14,0x28,0x35,0x14,
0x28,0x35,0x14,0x28,0x35,0x14,0x28,0x35,0x14,0x28,0x35,0x14,0x28,0x35,0x14,0x28,
0x35,0x14,0x28,0x35,0x14,0x28,0x35,0x14,0x28,0x35,0x14,0x28,0x35,0x14,0x28,0x35,
0x14,0x28,0x35,0x14,0x28,0x35,0x14,0x28,0x35,0x14,0x28,0x35,0x14,0x28,0x35,0x14,
0x28,0x35,0x14,0x28,0x35,0x14,0x28,0x35,0x14,0x28,0x35,0x14,0x28,0x35,0x14,0x28,
0x35,0x14,0x28,0x35,0x14,0x28,0x35,0x14,0x28,0x35,0x14,0x28,0x35,0x14,0x28,0x35,
0x14,0x28,0x35,0x14,0x28,0x35,0x14,0x28,0x35,0x14,0x28,0x35,0x14,0x28,0x35,0x14,
0x28,0x35,0x14,0x28,0x35,0x14,0x28,0x35,0x14,0x28,0x35,0x14,0x28,0x35,0x14,0x28,
0x35,0x14,0x28,0x35,0x14,0x28,0x35,0x14,0x28,0x35,0x14,0x28,0x35,0x14,0x28,0x35,
0x14,0x28,0x35,0x14,0x28,0x35,0x14,0x28,0x35,0x14,0x28,0x35,0x14,0x28,0x35,0x14,
0x28,0x35,0x14,0x28,0x35,0x14,0x28,0x35,0x14,0x28,0x35,0x14,0x28,0x35,0x14,0x28,
0x35,0x14,0x28,0x35,0x14,0x28,0x35,0x14,0x28,0x35,0x14,0x28,0x35,0x14,0x28,0x35,
0x14,0x28,0x35,0x14,0x28,0x35,0x14,0x28,0x35,0x14,0x28,0x35,0x14,0x28,0x35,0x14,
0x28,0x35,0x14,0x28,0x35,0x14,0x28,0x35,0x14,0x28,0x35,0x14,0x28,0x35,0x14,0x28,
0x35,0x14,0x28,0x35,0x14,0x28,0x35,0x14,0x28,0x35,0x14,0x28,0x35,0x14,0x28,0x35,
0x14,0x28,0x35,0x14,0x28,0x35,0x14,0x28,0x35,0x14,0x28,0x35,0x14,0x28,0x35,0x14,
0x28,0x35,0x14,0x28,0x35,0x14,0x28,0x35,0x14,0x28,0x35,0x14,0x28,0x35,0x14,0x28,
0x35,0x14,0x28,0x35,0x14,0x28,0x35,0x14,0x28,0x35,0x14,0x28,0x35,0x14,0x28,0x35,
0x14,0x28,0x35,0x14,0x28,0x35,0x14,0x28,0x35,0x14,0x28,0x35,0x14,0x28,0x35,0x14,
0x28,0x35,0x14,0x28,0x35,0x14,
};
static const char ramfs_n13[] = "/usr/share/wallpapers/sunset.bmp";
const ramfs_entry_t ramfs_table[] = {
  { ramfs_n0, ramfs_f0, (uint32_t)sizeof(ramfs_f0) },
  { ramfs_n1, ramfs_f1, (uint32_t)sizeof(ramfs_f1) },
  { ramfs_n2, ramfs_f2, (uint32_t)sizeof(ramfs_f2) },
  { ramfs_n3, ramfs_f3, (uint32_t)sizeof(ramfs_f3) },
  { ramfs_n4, ramfs_f4, (uint32_t)sizeof(ramfs_f4) },
  { ramfs_n5, ramfs_f5, (uint32_t)sizeof(ramfs_f5) },
  { ramfs_n6, ramfs_f6, (uint32_t)sizeof(ramfs_f6) },
  { ramfs_n7, ramfs_f7, (uint32_t)sizeof(ramfs_f7) },
  { ramfs_n8, ramfs_f8, (uint32_t)sizeof(ramfs_f8) },
  { ramfs_n9, ramfs_f9, (uint32_t)sizeof(ramfs_f9) },
  { ramfs_n10, ramfs_f10, (uint32_t)sizeof(ramfs_f10) },
  { ramfs_n11, ramfs_f11, (uint32_t)sizeof(ramfs_f11) },
  { ramfs_n12, ramfs_f12, (uint32_t)sizeof(ramfs_f12) },
  { ramfs_n13, ramfs_f13, (uint32_t)sizeof(ramfs_f13) },
};
const uint32_t ramfs_count = 14;
const char *ramfs_dirs[] = {
  "/afs",
  "/bin",
  "/boot",
  "/dev",
  "/etc",
  "/home",
  "/home/guest",
  "/lib",
  "/lib64",
  "/media",
  "/mnt",
  "/opt",
  "/proc",
  "/root",
  "/run",
  "/sbin",
  "/srv",
  "/sys",
  "/tmp",
  "/usr",
  "/usr/bin",
  "/usr/include",
  "/usr/lib",
  "/usr/lib64",
  "/usr/libexec",
  "/usr/local",
  "/usr/sbin",
  "/usr/share",
  "/usr/share/wallpapers",
  "/usr/src",
  "/usr/tmp",
  "/var",
};
const uint32_t ramfs_ndirs = sizeof(ramfs_dirs)/sizeof(ramfs_dirs[0]);
